movie,year,certificate,genre.1,genre.2,genre.3,imdb_rating,metascore,time_minute,vote,gross_earning
"Aguirre, der Zorn Gottes",(1972),'-,Action, Adventure, Biography,7.8,'-,95 min,58519,'-
The General,(1926),'-,Action, Adventure, Comedy,8.1,'-,67 min,92992,$1.03M
Kakushi-toride no san-akunin,(1958),'-,Action, Adventure, Drama,8.1,89,139 min,40060,'-
The Magnificent Seven,(1960),'-,Action, Adventure, Drama,7.7,74,128 min,97247,$4.91M
Sherlock Jr.,(1924),'-,Action, Comedy, Romance,8.2,'-,45 min,51515,$0.98M
Knockin' on Heaven's Door,(1997),'-,Action, Crime, Comedy,7.8,'-,87 min,31665,$0.00M
Key Largo,(1948),'-,Action, Crime, Drama,7.7,'-,100 min,41963,'-
Scarface,(1932),'-,Action, Crime, Drama,7.7,87,93 min,28811,'-
Badlands,(1973),'-,Action, Crime, Drama,7.7,93,94 min,74643,'-
Chugyeokja,(2008),'-,Action, Crime, Drama,7.8,64,125 min,68350,'-
White Heat,(1949),'-,Action, Crime, Drama,8.1,'-,114 min,33911,'-
Tropa de Elite 2: O Inimigo Agora é Outro,(2010),'-,Action, Crime, Drama,8,71,115 min,84267,$0.10M
Seppuku,(1962),'-,Action, Drama, Mystery,8.6,85,133 min,59464,#45
Gongdong gyeongbi guyeok JSA,(2000),'-,Action, Drama, Thriller,7.7,58,110 min,31720,'-
Nefes: Vatan Sagolsun,(2009),'-,Action, Drama, Thriller,8,'-,128 min,34237,'-
Sullivan's Travels,(1941),'-,Adventure, Comedy, Drama,7.9,'-,90 min,27133,'-
The Gold Rush,(1925),'-,Adventure, Comedy, Drama,8.1,'-,95 min,112918,$5.45M
Fitzcarraldo,(1982),'-,Adventure, Drama,'-,8,'-,158 min,36109,'-
Stagecoach,(1939),'-,Adventure, Drama, Western,7.8,93,96 min,50670,'-
The Treasure of the Sierra Madre,(1948),'-,Adventure, Drama, Western,8.2,98,126 min,126613,$5.01M
King Kong,(1933),'-,Adventure, Horror, Sci-Fi,7.9,90,100 min,87193,$10.00M
In Cold Blood,(1967),'-,Biography, Crime, Drama,7.9,89,134 min,27415,'-
Zerkalo,(1975),'-,Biography, Drama,'-,8,80,107 min,48449,$0.18M
The Message,(1976),'-,Biography, Drama, History,8.1,'-,177 min,48585,'-
Inherit the Wind,(1960),'-,Biography, Drama, History,8.1,75,128 min,31098,'-
Ayla: The Daughter of War,(2017),'-,Biography, Drama, History,8.3,'-,125 min,41081,'-
La passion de Jeanne d'Arc,(1928),'-,Biography, Drama, History,8.2,98,110 min,56532,$0.02M
Andrei Rublev,(1966),'-,Biography, Drama, History,8.1,'-,205 min,54716,$0.10M
Bringing Up Baby,(1938),'-,Comedy,'-,'-,7.8,91,102 min,63079,'-
Le charme discret de la bourgeoisie,(1972),'-,Comedy,'-,'-,7.8,93,102 min,44340,$0.20M
Zelig,(1983),'-,Comedy,'-,'-,7.7,'-,79 min,42803,$11.80M
Life of Brian,(1979),'-,Comedy,'-,'-,8,77,94 min,405308,$20.05M
The Odd Couple,(1968),'-,Comedy,'-,'-,7.6,86,105 min,35879,$44.53M
Dom za vesanje,(1988),'-,Comedy, Crime, Drama,8.1,'-,142 min,31451,$0.28M
Down by Law,(1986),'-,Comedy, Crime, Drama,7.7,75,107 min,52746,$1.44M
The Thin Man,(1934),'-,Comedy, Crime, Mystery,7.9,86,91 min,30931,'-
Arsenic and Old Lace,(1944),'-,Comedy, Crime, Thriller,7.9,'-,118 min,72248,'-
Perfetti sconosciuti,(2016),'-,Comedy, Drama,'-,7.7,'-,96 min,67274,'-
La règle du jeu,(1939),'-,Comedy, Drama,'-,7.9,98,110 min,29876,'-
Vizontele,(2001),'-,Comedy, Drama,'-,8,'-,110 min,37405,'-
Amarcord,(1973),'-,Comedy, Drama,'-,7.9,'-,123 min,44650,$0.58M
Naked,(1993),'-,Comedy, Drama,'-,7.7,85,131 min,40951,$1.77M
Crimes and Misdemeanors,(1989),'-,Comedy, Drama,'-,7.8,77,104 min,58969,$18.25M
Being There,(1979),'-,Comedy, Drama,'-,8,83,130 min,74191,$30.18M
Hannah and Her Sisters,(1986),'-,Comedy, Drama,'-,7.8,90,107 min,72856,$40.08M
Guess Who's Coming to Dinner,(1967),'-,Comedy, Drama,'-,7.8,63,108 min,46471,$56.70M
Miracle on 34th Street,(1947),'-,Comedy, Drama, Family,7.9,88,96 min,50982,$2.65M
The Kid,(1921),'-,Comedy, Drama, Family,8.3,'-,68 min,128185,$5.45M
Harvey,(1950),'-,Comedy, Drama, Fantasy,7.9,'-,104 min,56489,'-
Underground,(1995),'-,Comedy, Drama, Fantasy,8.1,79,170 min,59303,$0.17M
Sabrina,(1954),'-,Comedy, Drama, Romance,7.6,72,113 min,66792,'-
Harold and Maude,(1971),'-,Comedy, Drama, Romance,7.9,62,91 min,78989,'-
Yeopgijeogin geunyeo,(2001),'-,Comedy, Drama, Romance,8,'-,137 min,48995,'-
Modern Times,(1936),'-,Comedy, Drama, Romance,8.5,96,87 min,245895,$0.16M
The Shop Around the Corner,(1940),'-,Comedy, Drama, Romance,8,96,99 min,35080,$0.20M
His Girl Friday,(1940),'-,Comedy, Drama, Romance,7.8,'-,92 min,60309,$0.30M
The Quiet Man,(1952),'-,Comedy, Drama, Romance,7.7,85,129 min,39897,$10.55M
You Can't Take It with You,(1938),'-,Comedy, Drama, Romance,7.8,'-,126 min,26520,$4.66M
Manhattan,(1979),'-,Comedy, Drama, Romance,7.8,83,96 min,142165,$45.70M
Her Sey Çok Güzel Olacak,(1998),'-,Comedy, Drama, Thriller,8.1,'-,107 min,26097,'-
Stalag 17,(1953),'-,Comedy, Drama, War,8,84,120 min,56746,'-
The Great Dictator,(1940),'-,Comedy, Drama, War,8.4,'-,125 min,226786,$0.29M
The Circus,(1928),'-,Comedy, Family, Romance,8.1,90,72 min,34552,'-
This Is Spinal Tap,(1984),'-,Comedy, Music,'-,7.9,92,82 min,141942,$4.74M
A Night at the Opera,(1935),'-,Comedy, Music, Musical,7.8,'-,96 min,33516,$2.54M
Duck Soup,(1933),'-,Comedy, Musical,'-,7.8,93,69 min,60965,'-
The Philadelphia Story,(1940),'-,Comedy, Romance,'-,7.9,96,112 min,70827,'-
It Happened One Night,(1934),'-,Comedy, Romance,'-,8.1,87,105 min,106112,$4.36M
To Be or Not to Be,(1942),'-,Comedy, Romance, War,8.2,86,99 min,38963,#227
Love and Death,(1975),'-,Comedy, War,'-,7.7,89,85 min,39338,'-
Le Samouraï,(1967),'-,Crime, Drama,'-,8,'-,105 min,53011,$0.04M
The Asphalt Jungle,(1950),'-,Crime, Drama, Film-Noir,7.8,85,112 min,28174,'-
Mildred Pierce,(1945),'-,Crime, Drama, Film-Noir,7.9,88,111 min,26822,'-
The Killing,(1956),'-,Crime, Drama, Film-Noir,7.9,91,84 min,91716,'-
Out of the Past,(1947),'-,Crime, Drama, Film-Noir,8,85,97 min,38501,'-
Double Indemnity,(1944),'-,Crime, Drama, Film-Noir,8.3,95,107 min,159508,$5.72M
Les diaboliques,(1955),'-,Crime, Drama, Horror,8.1,'-,117 min,66937,$1.09M
Gaslight,(1944),'-,Crime, Drama, Mystery,7.8,78,114 min,30658,'-
Tengoku to jigoku,(1963),'-,Crime, Drama, Mystery,8.4,90,143 min,46804,#86
Hana-bi,(1997),'-,Crime, Drama, Romance,7.7,'-,103 min,31463,$0.23M
Eskiya,(1996),'-,Crime, Drama, Thriller,8.1,'-,128 min,70598,'-
Du rififi chez les hommes,(1955),'-,Crime, Drama, Thriller,8.1,97,118 min,35316,$0.06M
Ascenseur pour l'échafaud,(1958),'-,Crime, Drama, Thriller,7.9,94,91 min,26700,$0.11M
Bir Zamanlar Anadolu'da,(2011),'-,Crime, Drama, Thriller,7.8,82,157 min,47451,$0.14M
Le cercle rouge,(1970),'-,Crime, Drama, Thriller,7.9,92,140 min,26268,$0.37M
Miller's Crossing,(1990),'-,Crime, Drama, Thriller,7.7,66,115 min,137367,$5.08M
The Maltese Falcon,(1941),'-,Crime, Film-Noir, Mystery,8,97,100 min,161026,$2.11M
The Big Sleep,(1946),'-,Crime, Film-Noir, Mystery,7.9,86,114 min,87340,$6.54M
The Big Heat,(1953),'-,Crime, Film-Noir, Thriller,7.9,'-,89 min,27445,'-
M - Eine Stadt sucht einen Mörder,(1931),'-,Crime, Mystery, Thriller,8.3,'-,117 min,160286,$0.03M
Black Narcissus,(1947),'-,Drama,'-,'-,7.7,86,101 min,25792,'-
Vivre sa vie: Film en douze tableaux,(1962),'-,Drama,'-,'-,7.8,'-,80 min,33086,'-
La Strada,(1954),'-,Drama,'-,'-,8,'-,108 min,64326,'-
Nattvardsgästerna,(1963),'-,Drama,'-,'-,8,'-,81 min,25730,'-
Såsom i en spegel,(1961),'-,Drama,'-,'-,8,84,90 min,26053,'-
Miracle in Cell No. 7,(2019),'-,Drama,'-,'-,8.2,'-,132 min,50772,'-
Nostalgia,(1983),'-,Drama,'-,'-,8,'-,125 min,28089,$0.01M
All About Eve,(1950),'-,Drama,'-,'-,8.2,98,138 min,132858,$0.01M
Ondskan,(2003),'-,Drama,'-,'-,7.7,61,113 min,39745,$0.02M
8½,(1963),'-,Drama,'-,'-,8,93,138 min,120212,$0.05M
The Grapes of Wrath,(1940),'-,Drama,'-,'-,8.1,96,129 min,95251,$0.06M
Detachment,(2011),'-,Drama,'-,'-,7.7,52,98 min,88832,$0.07M
Umberto D.,(1952),'-,Drama,'-,'-,8.2,92,89 min,26574,$0.07M
Kis Uykusu,(2014),'-,Drama,'-,'-,8.1,88,196 min,52685,$0.17M
Soshite chichi ni naru,(2013),'-,Drama,'-,'-,7.8,73,121 min,26019,$0.28M
Ta'm e guilass,(1997),'-,Drama,'-,'-,7.7,80,95 min,32607,$0.31M
Vozvrashchenie,(2003),'-,Drama,'-,'-,7.9,82,110 min,46177,$0.50M
Auf der anderen Seite,(2007),'-,Drama,'-,'-,7.7,85,122 min,32605,$0.74M
Le notti di Cabiria,(1957),'-,Drama,'-,'-,8.1,'-,110 min,49996,$0.75M
"4 luni, 3 saptamâni si 2 zile",(2007),'-,Drama,'-,'-,7.9,97,113 min,61375,$1.19M
La grande bellezza,(2013),'-,Drama,'-,'-,7.7,86,141 min,93075,$2.85M
Babam ve Oglum,(2005),'-,Drama, Family,'-,8.2,'-,112 min,87579,#235
El ángel exterminador,(1962),'-,Drama, Fantasy,'-,8,'-,95 min,33860,'-
Yume,(1990),'-,Drama, Fantasy,'-,7.7,'-,119 min,27285,$1.96M
The Man from Earth,(2007),'-,Drama, Fantasy, Mystery,7.9,'-,87 min,190758,'-
La belle et la bête,(1946),'-,Drama, Fantasy, Romance,7.9,92,96 min,27011,$0.30M
Sunset Blvd.,(1950),'-,Drama, Film-Noir,'-,8.4,'-,110 min,224854,#59
Ace in the Hole,(1951),'-,Drama, Film-Noir,'-,8.1,72,111 min,37013,$3.97M
The Lost Weekend,(1945),'-,Drama, Film-Noir,'-,7.9,'-,101 min,38135,$9.46M
In a Lonely Place,(1950),'-,Drama, Film-Noir, Mystery,7.9,'-,94 min,32670,'-
Laura,(1944),'-,Drama, Film-Noir, Mystery,7.9,'-,88 min,48600,$4.36M
Rebecca,(1940),'-,Drama, Film-Noir, Mystery,8.1,86,130 min,139502,$4.36M
Il gattopardo,(1963),'-,Drama, History,'-,8,100,186 min,26977,'-
Bronenosets Potemkin,(1925),'-,Drama, History, Thriller,7.9,97,75 min,59021,$0.05M
"Quo vadis, Aida?",(2020),'-,Drama, History, War,8,97,101 min,35166,'-
Freaks,(1932),'-,Drama, Horror,'-,7.8,80,64 min,47862,$0.63M
Invasion of the Body Snatchers,(1956),'-,Drama, Horror, Sci-Fi,7.7,92,80 min,51646,'-
Bride of Frankenstein,(1935),'-,Drama, Horror, Sci-Fi,7.8,95,75 min,50103,$4.36M
The Broken Circle Breakdown,(2012),'-,Drama, Music, Romance,7.7,70,111 min,41837,$0.18M
The Red Shoes,(1948),'-,Drama, Music, Romance,8.1,'-,135 min,36359,$10.90M
Les parapluies de Cherbourg,(1964),'-,Drama, Musical, Romance,7.8,86,91 min,28733,$0.03M
Darbareye Elly,(2009),'-,Drama, Mystery,'-,7.9,87,119 min,54536,$0.11M
Jules et Jim,(1962),'-,Drama, Romance,'-,7.7,97,105 min,42651,'-
Days of Heaven,(1978),'-,Drama, Romance,'-,7.8,93,94 min,59508,'-
Hiroshima mon amour,(1959),'-,Drama, Romance,'-,7.9,'-,90 min,33516,$0.09M
Hoje Eu Quero Voltar Sozinho,(2014),'-,Drama, Romance,'-,7.9,71,96 min,26167,$0.10M
Chun gwong cha sit,(1997),'-,Drama, Romance,'-,7.7,70,96 min,30992,$0.19M
Sunrise: A Song of Two Humans,(1927),'-,Drama, Romance,'-,8.1,95,94 min,51861,$0.54M
Yi yi,(2000),'-,Drama, Romance,'-,8.1,94,173 min,25740,$1.14M
A Woman Under the Influence,(1974),'-,Drama, Romance,'-,8.1,88,155 min,26327,$13.34M
Da hong denglong gaogao gua,(1991),'-,Drama, Romance,'-,8.1,'-,125 min,33592,$2.60M
The Best Years of Our Lives,(1946),'-,Drama, Romance, War,8.1,93,170 min,66268,$23.65M
From Here to Eternity,(1953),'-,Drama, Romance, War,7.6,85,118 min,48241,$30.50M
Metropolis,(1927),'-,Drama, Sci-Fi,'-,8.3,98,153 min,176755,$1.24M
Kokuhaku,(2010),'-,Drama, Thriller,'-,7.7,'-,106 min,40208,'-
Persona,(1966),'-,Drama, Thriller,'-,8.1,86,85 min,121954,#243
Roma città aperta,(1945),'-,Drama, Thriller, War,8,'-,103 min,27350,'-
La battaglia di Algeri,(1966),'-,Drama, War,'-,8.1,96,121 min,61702,$0.06M
Beasts of No Nation,(2015),'-,Drama, War,'-,7.7,79,137 min,83259,$0.08M
Mandariinid,(2013),'-,Drama, War,'-,8.1,73,87 min,47166,$0.14M
La Grande Illusion,(1937),'-,Drama, War,'-,8.1,'-,113 min,37407,$0.17M
Red River,(1948),'-,Drama, Western,'-,7.8,96,133 min,32264,'-
Rio Bravo,(1959),'-,Drama, Western,'-,8,93,141 min,64197,$12.54M
Nosferatu,(1922),'-,Fantasy, Horror,'-,7.9,'-,94 min,99789,'-
Shadow of a Doubt,(1943),'-,Film-Noir, Thriller,'-,7.8,94,108 min,67088,'-
Das Cabinet des Dr. Caligari,(1920),'-,Horror, Mystery, Thriller,8,'-,76 min,65840,'-
The Invisible Man,(1933),'-,Horror, Sci-Fi,'-,7.6,87,71 min,37017,'-
The Lady Vanishes,(1938),'-,Mystery, Thriller,'-,7.8,98,96 min,54188,'-
Sleuth,(1972),'-,Mystery, Thriller,'-,8,'-,138 min,48514,$4.08M
The Girl with the Dragon Tattoo,(2011),(Banned),Crime, Drama, Mystery,7.8,71,158 min,470471,$102.52M
Hamilton,(2020),12+,Biography, Drama, History,8.4,89,160 min,98734,#107
The Mitchells vs the Machines,(2021),13,Animation, Adventure, Comedy,7.6,81,114 min,113085,'-
The Pianist,(2002),13,Biography, Drama, Music,8.5,85,150 min,844733,$32.57M
Moneyball,(2011),13,Biography, Drama, Sport,7.6,87,133 min,432844,$75.61M
Drishyam 2,(2021),13,Crime, Drama, Thriller,8.4,'-,152 min,38605,'-
The Others,(2001),13,Horror, Mystery, Thriller,7.6,74,101 min,373286,$96.52M
Reservoir Dogs,(1992),15+,Crime, Thriller,'-,8.3,81,99 min,1032072,$2.83M
Get Out,(I) (2017),15+,Horror, Mystery, Thriller,7.7,85,104 min,629026,$176.04M
Koe no katachi,(2016),16,Animation, Drama,'-,8.1,78,130 min,86431,'-
The Irishman,(2019),16,Biography, Crime, Drama,7.8,94,209 min,397730,$7.00M
Druk,(2020),16,Comedy, Drama,'-,7.7,79,117 min,168128,'-
About Time,(I) (2013),16,Comedy, Drama, Fantasy,7.8,55,123 min,360084,$15.32M
Contratiempo,(2016),16,Crime, Drama, Mystery,8,'-,106 min,180542,'-
Roma,(2018),16,Drama,'-,'-,7.7,96,135 min,162056,'-
Before Sunrise,(1995),16,Drama, Romance,'-,8.1,77,101 min,315852,$5.54M
True Grit,(2010),16,Drama, Western,'-,7.6,80,110 min,344442,$171.24M
Zack Snyder's Justice League,(2021),18,Action, Adventure, Fantasy,8,54,242 min,406179,'-
G.O.R.A.,(2004),18,Adventure, Comedy, Sci-Fi,8,'-,127 min,64079,'-
Captain Fantastic,(2016),18,Comedy, Drama,'-,7.8,72,118 min,223116,$5.88M
50/50,(2011),18,Comedy, Drama, Romance,7.6,72,100 min,334359,$35.01M
Relatos salvajes,(2014),18,Comedy, Drama, Thriller,8.1,77,122 min,202643,$3.11M
Inside Man,(2006),18,Crime, Drama, Mystery,7.6,76,129 min,379531,$88.51M
No Country for Old Men,(2007),18,Crime, Drama, Thriller,8.2,92,122 min,989219,$74.28M
Boogie Nights,(1997),18,Drama,'-,'-,7.9,85,155 min,270415,$26.40M
The Trial of the Chicago 7,(2020),18,Drama, History, Thriller,7.7,76,129 min,181645,'-
Sound of Metal,(2019),18,Drama, Music,'-,7.7,82,120 min,133817,'-
Incendies,(2010),18,Drama, Mystery,'-,8.3,80,131 min,181369,$6.86M
Portrait de la jeune fille en feu,(2019),18,Drama, Romance,'-,8.1,95,122 min,96455,$3.76M
Ajeossi,(2010),7,Action, Crime, Drama,7.7,'-,119 min,71313,$0.01M
Klaus,(2019),7,Animation, Adventure, Comedy,8.2,65,96 min,163190,#178
Dogville,(2003),7,Crime, Drama,'-,8,59,178 min,151561,$1.53M
Jagten,(2012),7,Drama,'-,'-,8.3,77,115 min,336654,$0.69M
Jodaeiye Nader az Simin,(2011),7,Drama,'-,'-,8.3,95,123 min,247678,$7.10M
Raiders of the Lost Ark,(1981),A,Action, Adventure,'-,8.4,85,115 min,977337,$248.16M
Kingsman: The Secret Service,(2014),A,Action, Adventure, Comedy,7.7,60,129 min,678282,$128.26M
Everything Everywhere All at Once,(2022),A,Action, Adventure, Comedy,7.9,81,139 min,368611,$72.86M
Celda 211,(2009),A,Action, Adventure, Crime,7.6,'-,113 min,68750,'-
End of Watch,(2012),A,Action, Adventure, Crime,7.6,68,109 min,254126,$41.00M
The Revenant,(2015),A,Action, Adventure, Drama,8,76,156 min,818657,$183.64M
Apocalypto,(2006),A,Action, Adventure, Drama,7.8,68,139 min,317724,$50.87M
Predator,(1987),A,Action, Adventure, Horror,7.8,47,107 min,430456,$59.74M
Die Hard with a Vengeance,(1995),A,Action, Adventure, Thriller,7.6,58,128 min,393582,$100.01M
First Blood,(1982),A,Action, Adventure, Thriller,7.7,61,93 min,259149,$47.21M
Goldfinger,(1964),A,Action, Adventure, Thriller,7.7,87,110 min,194008,$51.08M
The Wild Bunch,(1969),A,Action, Adventure, Western,7.9,98,145 min,86483,$12.06M
Bonnie and Clyde,(1967),A,Action, Biography, Crime,7.7,86,111 min,115439,'-
Gangs of Wasseypur,(2012),A,Action, Comedy, Crime,8.2,89,321 min,98484,'-
"Lock, Stock and Two Smoking Barrels",(1998),A,Action, Comedy, Crime,8.2,66,107 min,589920,$3.90M
The Gentlemen,(2019),A,Action, Comedy, Crime,7.8,51,113 min,352349,$36.47M
Hot Fuzz,(2007),A,Action, Comedy, Mystery,7.8,81,121 min,512766,$23.64M
The French Connection,(1971),A,Action, Crime, Drama,7.7,94,104 min,125968,$15.63M
Léon,(1994),A,Action, Crime, Drama,8.5,64,110 min,1176299,$19.50M
Enter the Dragon,(1973),A,Action, Crime, Drama,7.6,83,102 min,106658,$25.00M
Sicario,(2015),A,Action, Crime, Drama,7.6,82,121 min,440251,$46.89M
3:10 to Yuma,(2007),A,Action, Crime, Drama,7.7,76,122 min,317771,$53.61M
Heat,(1995),A,Action, Crime, Drama,8.3,76,170 min,665548,$67.44M
Kill Bill: Vol. 1,(2003),A,Action, Crime, Drama,8.2,69,111 min,1129347,$70.10M
Training Day,(2001),A,Action, Crime, Drama,7.7,69,122 min,445356,$76.63M
Minority Report,(2002),A,Action, Crime, Mystery,7.6,80,145 min,560750,$132.07M
Lat sau san taam,(1992),A,Action, Crime, Thriller,7.7,'-,128 min,51687,'-
Taken,(I) (2008),A,Action, Crime, Thriller,7.8,51,90 min,610444,$145.00M
Serbuan maut 2: Berandal,(2014),A,Action, Crime, Thriller,7.9,71,150 min,125758,$2.63M
Dirty Harry,(1971),A,Action, Crime, Thriller,7.7,87,102 min,160038,$35.90M
Serbuan maut,(2011),A,Action, Crime, Thriller,7.6,73,101 min,208089,$4.11M
Kill Bill: Vol. 2,(2004),A,Action, Crime, Thriller,8,83,137 min,766864,$66.21M
300,(2006),A,Action, Drama,'-,7.6,52,117 min,830268,$210.61M
Drive,(I) (2011),A,Action, Drama,'-,7.8,78,100 min,655090,$35.06M
Black Hawk Down,(2001),A,Action, Drama, History,7.7,74,144 min,403143,$108.64M
Oldeuboi,(2003),A,Action, Drama, Mystery,8.4,77,101 min,588758,$0.71M
Watchmen,(2009),A,Action, Drama, Mystery,7.6,56,162 min,558986,$107.51M
Logan,(2017),A,Action, Drama, Sci-Fi,8.1,77,137 min,776771,$226.28M
Children of Men,(2006),A,Action, Drama, Sci-Fi,7.9,84,109 min,507255,$35.55M
Sarfarosh,(1999),A,Action, Drama, Thriller,8.1,'-,174 min,26114,'-
Im Westen nichts Neues,(2022),A,Action, Drama, War,7.8,76,148 min,169726,'-
Per un pugno di dollari,(1964),A,Action, Drama, Western,7.9,65,99 min,221378,$14.50M
The Bourne Supremacy,(2004),A,Action, Mystery, Thriller,7.7,73,108 min,469764,$176.24M
The Matrix,(1999),A,Action, Sci-Fi,'-,8.7,73,136 min,1935942,$171.48M
Terminator 2: Judgment Day,(1991),A,Action, Sci-Fi,'-,8.6,75,137 min,1112025,$204.84M
The Terminator,(1984),A,Action, Sci-Fi,'-,8.1,84,107 min,876975,$38.40M
District 9,(2009),A,Action, Sci-Fi, Thriller,7.9,81,112 min,689953,$115.65M
The Boondock Saints,(1999),A,Action, Thriller,'-,7.7,44,108 min,241966,$0.03M
Die Hard,(1988),A,Action, Thriller,'-,8.2,72,132 min,894461,$83.01M
Spartacus,(1960),A,Adventure, Biography, Drama,7.9,87,197 min,137207,$30.00M
Almost Famous,(2000),A,Adventure, Comedy, Drama,7.9,90,122 min,281327,$32.53M
Blood Diamond,(2006),A,Adventure, Drama, Thriller,8,64,143 min,558710,$57.37M
Inglourious Basterds,(2009),A,Adventure, Drama, War,8.3,69,153 min,1472405,$120.54M
Jaws,(1975),A,Adventure, Thriller,'-,8.1,87,124 min,616669,$260.00M
"Il buono, il brutto, il cattivo",(1966),A,Adventure, Western,'-,8.8,90,161 min,770110,$6.10M
Jûbê ninpûchô,(1993),A,Animation, Action, Adventure,7.8,'-,94 min,38390,'-
"South Park: Bigger, Longer & Uncut",(1999),A,Animation, Comedy, Fantasy,7.7,73,81 min,208064,$52.04M
Pâfekuto burû,(1997),A,Animation, Crime, Drama,8,67,81 min,81091,$0.78M
The Wolf of Wall Street,(2013),A,Biography, Comedy, Crime,8.2,75,180 min,1439947,$116.90M
The Big Short,(2015),A,Biography, Comedy, Drama,7.8,81,130 min,441008,$70.26M
American Gangster,(2007),A,Biography, Crime, Drama,7.8,76,157 min,432747,$130.16M
Catch Me If You Can,(2002),A,Biography, Crime, Drama,8.1,75,141 min,1004594,$164.62M
Serpico,(1973),A,Biography, Crime, Drama,7.7,81,130 min,126411,$29.80M
Changeling,(2008),A,Biography, Crime, Drama,7.8,63,141 min,258550,$35.74M
Donnie Brasco,(1997),A,Biography, Crime, Drama,7.7,76,127 min,314111,$41.91M
Spotlight,(I) (2015),A,Biography, Crime, Drama,8.1,93,129 min,477150,$45.06M
GoodFellas,(1990),A,Biography, Crime, Drama,8.7,91,145 min,1177268,$46.84M
The Last King of Scotland,(2006),A,Biography, Drama, History,7.6,74,123 min,189309,$17.61M
The Killing Fields,(1984),A,Biography, Drama, History,7.8,76,141 min,56711,$34.70M
12 Years a Slave,(2013),A,Biography, Drama, History,8.1,96,134 min,709759,$56.67M
Hacksaw Ridge,(2016),A,Biography, Drama, History,8.1,71,139 min,539792,$67.21M
Braveheart,(1995),A,Biography, Drama, History,8.4,68,178 min,1047623,$75.60M
Schindler's List,(1993),A,Biography, Drama, History,9,95,195 min,1371048,$96.90M
Ray,(I) (2004),A,Biography, Drama, Music,7.7,73,152 min,150661,$75.33M
Raging Bull,(1980),A,Biography, Drama, Sport,8.2,89,129 min,359239,$23.38M
Argo,(2012),A,Biography, Drama, Thriller,7.7,86,120 min,620615,$136.03M
Superbad,(2007),A,Comedy,'-,'-,7.6,76,113 min,592771,$121.46M
Young Frankenstein,(1974),A,Comedy,'-,'-,8,83,106 min,161513,$86.30M
"Three Billboards Outside Ebbing, Missouri",(2017),A,Comedy, Crime, Drama,8.1,88,115 min,518909,$54.51M
The Banshees of Inisherin,(2022),A,Comedy, Drama,'-,7.7,87,114 min,166609,'-
Once Upon a Time in... Hollywood,(2019),A,Comedy, Drama,'-,7.6,83,161 min,762609,$142.50M
La dolce vita,(1960),A,Comedy, Drama,'-,8,95,174 min,74857,$19.52M
Birdman or (The Unexpected Virtue of Ignorance),(2014),A,Comedy, Drama,'-,7.7,87,119 min,640065,$42.34M
The Royal Tenenbaums,(2001),A,Comedy, Drama,'-,7.6,76,110 min,298127,$52.36M
Moonrise Kingdom,(2012),A,Comedy, Drama, Family,7.8,84,94 min,354591,$45.51M
CODA,(2021),A,Comedy, Drama, Music,8,72,111 min,141061,'-
La La Land,(2016),A,Comedy, Drama, Music,8,94,128 min,605175,$151.10M
Dev.D,(2009),A,Comedy, Drama, Romance,7.9,'-,144 min,31200,$0.01M
The Graduate,(1967),A,Comedy, Drama, Romance,8,83,106 min,277628,$104.95M
Silver Linings Playbook,(2012),A,Comedy, Drama, Romance,7.7,81,122 min,717213,$132.09M
As Good as It Gets,(1997),A,Comedy, Drama, Romance,7.7,67,139 min,304501,$148.48M
Barton Fink,(1991),A,Comedy, Drama, Thriller,7.6,69,116 min,124461,$6.15M
Evil Dead II,(1987),A,Comedy, Horror,'-,7.7,72,84 min,168828,$5.92M
Annie Hall,(1977),A,Comedy, Romance,'-,8,92,93 min,268646,$39.20M
Dr. Strangelove or: How I Learned to Stop Worrying and Love the Bomb,(1964),A,Comedy, War,'-,8.4,97,95 min,496273,$0.28M
Blazing Saddles,(1974),A,Comedy, Western,'-,7.7,73,93 min,142901,$119.50M
This Is England,(2006),A,Crime, Drama,'-,7.7,86,101 min,124266,$0.33M
Pulp Fiction,(1994),A,Crime, Drama,'-,8.9,94,154 min,2084130,$107.93M
The Godfather,(1972),A,Crime, Drama,'-,9.2,100,175 min,1885483,$134.97M
Cool Hand Luke,(1967),A,Crime, Drama,'-,8.1,92,127 min,179790,$16.22M
Un prophète,(2009),A,Crime, Drama,'-,7.8,90,155 min,99733,$2.08M
Once Were Warriors,(1994),A,Crime, Drama,'-,7.9,77,102 min,35162,$2.20M
Taxi Driver,(1976),A,Crime, Drama,'-,8.2,94,114 min,849581,$28.26M
Casino,(1995),A,Crime, Drama,'-,8.2,73,178 min,528628,$42.44M
Scarface,(1983),A,Crime, Drama,'-,8.3,65,170 min,854833,$45.60M
Once Upon a Time in America,(1984),A,Crime, Drama,'-,8.3,75,229 min,356770,$5.32M
The Godfather Part II,(1974),A,Crime, Drama,'-,9,90,202 min,1286766,$57.30M
Boyz n the Hood,(1991),A,Crime, Drama,'-,7.8,76,112 min,144462,$57.50M
Cidade de Deus,(2002),A,Crime, Drama,'-,8.6,79,130 min,764365,$7.56M
The Night of the Hunter,(1955),A,Crime, Drama, Film-Noir,8,97,92 min,91493,$0.65M
Strangers on a Train,(1951),A,Crime, Drama, Film-Noir,7.9,88,101 min,135892,$7.63M
American Psycho,(2000),A,Crime, Drama, Horror,7.6,64,102 min,641821,$15.07M
Rope,(1948),A,Crime, Drama, Mystery,7.9,73,80 min,146537,'-
Jai Bhim,(2021),A,Crime, Drama, Mystery,8.8,'-,164 min,204822,#234
Se7en,(1995),A,Crime, Drama, Mystery,8.6,65,127 min,1676057,$100.13M
Gone Baby Gone,(2007),A,Crime, Drama, Mystery,7.6,72,114 min,277679,$20.30M
The Usual Suspects,(1995),A,Crime, Drama, Mystery,8.5,77,106 min,1095872,$23.34M
Mississippi Burning,(1988),A,Crime, Drama, Mystery,7.8,65,128 min,103321,$34.60M
The Hateful Eight,(2015),A,Crime, Drama, Mystery,7.8,68,168 min,615044,$54.12M
Primal Fear,(1996),A,Crime, Drama, Mystery,7.7,47,129 min,227597,$56.12M
Prisoners,(2013),A,Crime, Drama, Mystery,8.1,70,153 min,733072,$61.00M
L.A. Confidential,(1997),A,Crime, Drama, Mystery,8.2,91,138 min,588702,$64.62M
Blue Velvet,(1986),A,Crime, Drama, Mystery,7.7,76,120 min,203897,$8.55M
Mystic River,(2003),A,Crime, Drama, Mystery,7.9,84,138 min,463719,$90.14M
True Romance,(1993),A,Crime, Drama, Romance,7.9,59,119 min,231148,$12.28M
Road to Perdition,(2002),A,Crime, Drama, Thriller,7.7,72,117 min,273558,$104.45M
The Silence of the Lambs,(1991),A,Crime, Drama, Thriller,8.6,86,118 min,1450892,$130.74M
The Departed,(2006),A,Crime, Drama, Thriller,8.5,85,151 min,1341400,$132.38M
The Day of the Jackal,(1973),A,Crime, Drama, Thriller,7.8,80,143 min,42082,$16.06M
Manbiki kazoku,(2018),A,Crime, Drama, Thriller,7.9,93,121 min,79431,$3.31M
Nightcrawler,(2014),A,Crime, Drama, Thriller,7.8,76,117 min,561064,$32.38M
Joker,(I) (2019),A,Crime, Drama, Thriller,8.4,59,122 min,1323429,$335.45M
Carlito's Way,(1993),A,Crime, Drama, Thriller,7.9,66,144 min,222342,$36.95M
The Untouchables,(1987),A,Crime, Drama, Thriller,7.8,79,119 min,315744,$76.27M
On the Waterfront,(1954),A,Crime, Drama, Thriller,8.1,91,108 min,157225,$9.60M
A Clockwork Orange,(1971),A,Crime, Sci-Fi,'-,8.3,77,136 min,839879,$6.21M
Dial M for Murder,(1954),A,Crime, Thriller,'-,8.2,75,105 min,178710,$0.01M
Fargo,(1996),A,Crime, Thriller,'-,8.1,86,98 min,686752,$24.61M
Sin City,(2005),A,Crime, Thriller,'-,8,74,124 min,775520,$74.10M
The Whale,(2022),A,Drama,'-,'-,7.8,60,117 min,88073,'-
Who's Afraid of Virginia Woolf?,(1966),A,Drama,'-,'-,8,75,131 min,76790,'-
Masaan,(2015),A,Drama,'-,'-,8.1,'-,109 min,28901,'-
Jungfrukällan,(1960),A,Drama,'-,'-,8.1,'-,89 min,30114,$1.53M
Capharnaüm,(2018),A,Drama,'-,'-,8.4,75,126 min,93070,$1.66M
Viskningar och rop,(1972),A,Drama,'-,'-,8,'-,91 min,35089,$1.74M
One Flew Over the Cuckoo's Nest,(1975),A,Drama,'-,'-,8.7,84,133 min,1018329,$112.00M
Y tu mamá también,(2001),A,Drama,'-,'-,7.7,89,106 min,124942,$13.62M
Trainspotting,(1996),A,Drama,'-,'-,8.1,83,93 min,695342,$16.50M
Cat on a Hot Tin Roof,(1958),A,Drama,'-,'-,7.9,84,108 min,50814,$17.57M
Boyhood,(I) (2014),A,Drama,'-,'-,7.9,100,165 min,358224,$25.38M
The Shawshank Redemption,(1994),A,Drama,'-,'-,9.3,82,142 min,2714258,$28.34M
Requiem for a Dream,(2000),A,Drama,'-,'-,8.3,71,102 min,853305,$3.64M
Fight Club,(1999),A,Drama,'-,'-,8.8,66,139 min,2157871,$37.03M
Fanny och Alexander,(1982),A,Drama,'-,'-,8.1,100,188 min,65092,$4.97M
There Will Be Blood,(2007),A,Drama,'-,'-,8.2,93,158 min,595817,$40.22M
Midnight Cowboy,(1969),A,Drama,'-,'-,7.8,79,113 min,113641,$44.79M
A Streetcar Named Desire,(1951),A,Drama,'-,'-,7.9,97,122 min,110115,$8.00M
Det sjunde inseglet,(1957),A,Drama, Fantasy,'-,8.1,88,96 min,188091,#200
Tumbbad,(2018),A,Drama, Fantasy, Horror,8.2,'-,104 min,51648,'-
Pink Floyd: The Wall,(1982),A,Drama, Fantasy, Music,8,47,95 min,82387,$22.24M
The Thin Red Line,(1998),A,Drama, History, War,7.6,78,170 min,191133,$36.40M
Rosemary's Baby,(1968),A,Drama, Horror,'-,8,96,137 min,221420,'-
The Shining,(1980),A,Drama, Horror,'-,8.4,66,146 min,1036746,$44.02M
The Birds,(1963),A,Drama, Horror, Mystery,7.6,90,119 min,193359,$11.40M
Frankenstein,(1931),A,Drama, Horror, Sci-Fi,7.8,91,70 min,74994,'-
The Fly,(1986),A,Drama, Horror, Sci-Fi,7.6,79,96 min,188290,$40.46M
What Ever Happened to Baby Jane?,(1962),A,Drama, Horror, Thriller,8,75,134 min,58040,$4.05M
Whiplash,(2014),A,Drama, Music,'-,8.5,89,106 min,885801,$13.09M
All That Jazz,(1979),A,Drama, Music, Musical,7.8,72,123 min,32999,$37.82M
Cabaret,(1972),A,Drama, Music, Musical,7.8,80,124 min,56561,$42.77M
A Star Is Born,(2018),A,Drama, Music, Romance,7.6,88,136 min,392944,$215.29M
Anatomy of a Murder,(1959),A,Drama, Mystery,'-,8,95,161 min,67790,$11.90M
The Lives of Others,(2006),A,Drama, Mystery, Thriller,8.4,89,137 min,393634,$11.29M
Gone Girl,(2014),A,Drama, Mystery, Thriller,8.1,79,149 min,997934,$167.77M
The Sixth Sense,(1999),A,Drama, Mystery, Thriller,8.2,64,107 min,1002831,$293.51M
Belle de jour,(1967),A,Drama, Romance,'-,7.7,'-,100 min,46098,$0.03M
La vie d'Adèle,(2013),A,Drama, Romance,'-,7.7,90,180 min,155658,$2.20M
Before Sunset,(2004),A,Drama, Romance,'-,8.1,90,80 min,270268,$5.82M
The Bridges of Madison County,(1995),A,Drama, Romance,'-,7.6,69,135 min,83981,$71.52M
The Notebook,(2004),A,Drama, Romance,'-,7.8,53,123 min,582635,$81.00M
Brokeback Mountain,(2005),A,Drama, Romance,'-,7.7,87,134 min,364273,$83.04M
Her,(2013),A,Drama, Romance, Sci-Fi,8,91,126 min,626986,$25.57M
Ah-ga-ssi,(2016),A,Drama, Romance, Thriller,8.1,84,145 min,153627,$2.01M
Doctor Zhivago,(1965),A,Drama, Romance, War,7.9,69,197 min,78669,$111.72M
The Hustler,(1961),A,Drama, Sport,'-,8,90,134 min,83612,$8.28M
Cape Fear,(1962),A,Drama, Thriller,'-,7.7,76,106 min,30097,'-
The Manchurian Candidate,(1962),A,Drama, Thriller,'-,7.9,94,126 min,76802,'-
Black Swan,(2010),A,Drama, Thriller,'-,8,79,108 min,780239,$106.95M
Amores perros,(2000),A,Drama, Thriller,'-,8.1,83,154 min,243764,$5.38M
Gisaengchung,(2019),A,Drama, Thriller,'-,8.5,96,132 min,831059,$53.37M
Misery,(1990),A,Drama, Thriller,'-,7.8,75,107 min,217975,$61.28M
Idi i smotri,(1985),A,Drama, Thriller, War,8.4,'-,142 min,83374,#92
Zwartboek,(2006),A,Drama, Thriller, War,7.7,71,145 min,78020,$4.40M
Ivanovo detstvo,(1962),A,Drama, War,'-,8,'-,95 min,37662,'-
Judgment at Nuremberg,(1961),A,Drama, War,'-,8.3,60,179 min,78911,#134
Paths of Glory,(1957),A,Drama, War,'-,8.4,90,88 min,200331,#60
Saving Private Ryan,(1998),A,Drama, War,'-,8.6,91,169 min,1408594,$216.54M
The Deer Hunter,(1978),A,Drama, War,'-,8.1,86,183 min,343788,$48.98M
Unforgiven,(1992),A,Drama, Western,'-,8.2,85,130 min,416923,$101.16M
Django Unchained,(2012),A,Drama, Western,'-,8.4,81,165 min,1578706,$162.81M
Dark City,(1998),A,Fantasy, Mystery, Sci-Fi,7.6,66,100 min,203344,$14.38M
The Innocents,(1961),A,Horror,'-,'-,7.8,88,100 min,31342,$2.62M
The Exorcist,(1973),A,Horror,'-,'-,8.1,81,122 min,415751,$232.91M
The Thing,(1982),A,Horror, Mystery, Sci-Fi,8.2,57,109 min,432965,$13.78M
Psycho,(1960),A,Horror, Mystery, Thriller,8.5,97,109 min,680049,$32.00M
Saw,(2004),A,Horror, Mystery, Thriller,7.6,46,103 min,430049,$56.00M
Night of the Living Dead,(1968),A,Horror, Thriller,'-,7.8,89,96 min,132165,$0.09M
Halloween,(1978),A,Horror, Thriller,'-,7.7,87,91 min,285939,$47.00M
Dawn of the Dead,(1978),A,Horror, Thriller,'-,7.8,71,127 min,123333,$5.10M
Vertigo,(1958),A,Mystery, Romance, Thriller,8.3,100,128 min,407340,$3.20M
Twelve Monkeys,(1995),A,Mystery, Sci-Fi, Thriller,8,74,129 min,625274,$57.14M
Shutter Island,(2010),A,Mystery, Thriller,'-,8.2,63,138 min,1340438,$128.01M
Wait Until Dark,(1967),A,Thriller,'-,'-,7.7,81,108 min,31699,$17.55M
City Lights,(1931),G,Comedy, Drama, Romance,8.5,99,87 min,187012,$0.02M
Singin' in the Rain,(1952),G,Comedy, Musical, Romance,8.3,99,103 min,246519,$8.82M
Z,(1969),M/PG,Crime, Drama, Thriller,8.2,86,127 min,29637,$0.08M
Ang-ma-reul bo-at-da,(2010),Not Rated,Action, Crime, Drama,7.8,67,144 min,134837,$0.13M
La montaña sagrada,(1973),Not Rated,Adventure, Drama, Fantasy,7.8,76,114 min,44652,$0.06M
"Shin seiki Evangelion Gekijô-ban: Air/Magokoro wo, kimi ni",(1997),Not Rated,Animation, Action, Drama,8.1,'-,87 min,57349,'-
Kaze tachinu,(2013),Not Rated,Animation, Biography, Drama,7.7,83,126 min,88879,$5.21M
Sennen joyû,(2001),Not Rated,Animation, Drama, Fantasy,7.8,70,87 min,29246,$0.19M
Il postino,(1994),Not Rated,Biography, Comedy, Drama,7.8,81,108 min,37355,$21.85M
Shine,(1996),Not Rated,Biography, Drama, Music,7.6,87,105 min,55014,$35.81M
C.R.A.Z.Y.,(2005),Not Rated,Comedy, Drama,'-,7.9,81,129 min,33340,'-
Happiness,(1998),Not Rated,Comedy, Drama,'-,7.7,81,134 min,71604,$2.81M
The Muppet Christmas Carol,(1992),Not Rated,Comedy, Drama, Family,7.7,64,85 min,63747,$27.28M
La haine,(1995),Not Rated,Crime, Drama,'-,8.1,'-,98 min,178374,$0.31M
Les yeux sans visage,(1960),Not Rated,Drama, Horror,'-,7.6,90,90 min,32844,$0.05M
La leggenda del pianista sull'oceano,(1998),Not Rated,Drama, Music, Romance,8,58,169 min,65934,$0.26M
Spoorloos,(1988),Not Rated,Mystery, Thriller,'-,7.7,'-,107 min,40429,'-
The Adventures of Robin Hood,(1938),PG,Action, Adventure, Romance,7.9,97,102 min,52324,$3.98M
To Have and Have Not,(1944),PG,Adventure, Comedy, Film-Noir,7.8,90,100 min,35913,'-
Batman: Mask of the Phantasm,(1993),PG,Animation, Action, Adventure,7.8,65,76 min,52834,$5.62M
Song of the Sea,(2014),PG,Animation, Adventure, Drama,8,85,93 min,59913,$0.86M
Le Petit Prince,(2015),PG,Animation, Adventure, Drama,7.7,70,108 min,63563,$1.34M
Guillermo del Toro's Pinocchio,(2022),PG,Animation, Drama, Family,7.6,79,117 min,88101,'-
October Sky,(1999),PG,Biography, Drama, Family,7.8,71,108 min,93555,$32.48M
Flipped,(I) (2010),PG,Comedy, Drama, Romance,7.7,45,90 min,92383,$1.75M
It's a Wonderful Life,(1946),PG,Drama, Family, Fantasy,8.6,89,130 min,468089,#21
Bacheha-Ye aseman,(1997),PG,Drama, Family, Sport,8.2,77,89 min,75872,$0.93M
Serenity,(2005),PG-13,Action, Adventure, Sci-Fi,7.8,74,119 min,298829,$25.51M
Les triplettes de Belleville,(2003),PG-13,Animation, Adventure, Comedy,7.7,91,80 min,55392,$7.00M
Persepolis,(2007),PG-13,Animation, Biography, Drama,8,90,96 min,96395,$4.45M
Ma vie de Courgette,(2016),PG-13,Animation, Comedy, Drama,7.7,85,66 min,26611,$0.29M
Philomena,(2013),PG-13,Biography, Comedy, Drama,7.6,77,98 min,101390,$37.71M
Le scaphandre et le papillon,(2007),PG-13,Biography, Drama,'-,8,92,112 min,108553,$5.99M
Dark Waters,(2019),PG-13,Biography, Drama, History,7.6,73,126 min,91910,'-
Sing Street,(2016),PG-13,Comedy, Drama, Music,7.9,79,106 min,96455,$3.24M
Les choristes,(2004),PG-13,Comedy, Drama, Music,7.8,56,97 min,63949,$3.64M
En man som heter Ove,(2015),PG-13,Comedy, Drama, Romance,7.7,70,116 min,60936,$3.36M
Me and Earl and the Dying Girl,(2015),PG-13,Comedy, Drama, Romance,7.7,74,105 min,133878,$6.74M
Midnight in Paris,(2011),PG-13,Comedy, Fantasy, Romance,7.7,81,94 min,431116,$56.82M
Touch of Evil,(1958),PG-13,Crime, Drama, Film-Noir,8,99,95 min,106239,$2.24M
Dare mo shiranai,(2004),PG-13,Drama,'-,'-,8,88,141 min,29031,$0.68M
Okuribito,(2008),PG-13,Drama,'-,'-,8,68,130 min,52994,$1.50M
In America,(2002),PG-13,Drama,'-,'-,7.7,76,105 min,43572,$15.54M
Hamlet,(1996),PG-13,Drama,'-,'-,7.7,'-,242 min,38806,$4.41M
Joyeux Noël,(2005),PG-13,Drama, History, Music,7.7,70,116 min,30627,$1.05M
Le passé,(2013),PG-13,Drama, Mystery,'-,7.7,85,130 min,49617,$1.33M
The Boy in the Striped Pajamas,(2008),PG-13,Drama, War,'-,7.7,55,94 min,225677,$9.03M
Deadpool 2,(2018),R,Action, Adventure, Comedy,7.7,66,119 min,595144,$324.59M
Ip Man,(2008),R,Action, Biography, Drama,8,59,106 min,226616,'-
Rush,(I) (2013),R,Action, Biography, Drama,8.1,74,123 min,486611,$26.95M
Deadpool,(2016),R,Action, Comedy,'-,8,65,108 min,1053888,$363.07M
Dip huet seung hung,(1989),R,Action, Crime, Drama,7.8,82,111 min,49276,'-
Tropa de Elite,(2007),R,Action, Crime, Drama,8,33,115 min,105956,$0.01M
Taegukgi hwinalrimyeo,(2004),R,Action, Drama, War,8,64,140 min,40196,$1.11M
1917,(2019),R,Action, Drama, War,8.2,78,119 min,608304,$159.23M
The Fall,(I) (2006),R,Adventure, Drama, Fantasy,7.8,64,117 min,113735,$2.28M
Waking Life,(2001),R,Animation, Drama, Fantasy,7.7,83,99 min,65164,$2.89M
Pride,(I) (2014),R,Biography, Comedy, Drama,7.8,79,119 min,58824,'-
Papillon,(1973),R,Biography, Crime, Drama,8,58,151 min,132913,$53.27M
Dallas Buyers Club,(2013),R,Biography, Drama,'-,7.9,77,117 min,496081,$27.30M
Straight Outta Compton,(2015),R,Biography, Drama, History,7.8,72,147 min,206742,$161.20M
Control,(2007),R,Biography, Drama, Music,7.6,78,122 min,66524,$0.87M
Amadeus,(1984),R,Biography, Drama, Music,8.4,88,160 min,406095,$51.97M
Office Space,(1999),R,Comedy,'-,'-,7.6,68,89 min,272638,$10.82M
Adams æbler,(2005),R,Comedy, Crime, Drama,7.7,51,94 min,51987,$0.00M
In Bruges,(2008),R,Comedy, Crime, Drama,7.9,67,107 min,439792,$7.76M
"Crna macka, beli macor",(1998),R,Comedy, Crime, Romance,8,73,127 min,54819,$0.35M
Night on Earth,(1991),R,Comedy, Drama,'-,7.7,68,129 min,62150,$2.02M
Adaptation.,(2002),R,Comedy, Drama,'-,7.7,83,115 min,195794,$22.25M
Short Cuts,(1993),R,Comedy, Drama,'-,7.7,81,188 min,45767,$6.11M
Being John Malkovich,(1999),R,Comedy, Drama, Fantasy,7.8,90,113 min,341022,$22.86M
Hedwig and the Angry Inch,(2001),R,Comedy, Drama, Music,7.7,85,95 min,36267,$3.03M
Verdens verste menneske,(2021),R,Comedy, Drama, Romance,7.8,90,128 min,75981,'-
Good Bye Lenin!,(2003),R,Comedy, Drama, Romance,7.7,68,121 min,148364,$4.06M
No Man's Land,(I) (2001),R,Comedy, Drama, War,7.9,84,98 min,47722,$1.06M
What We Do in the Shadows,(2014),R,Comedy, Horror,'-,7.6,76,86 min,188258,$3.33M
Lilja 4-ever,(2002),R,Crime, Drama,'-,7.8,82,109 min,46768,$0.18M
A Bronx Tale,(1993),R,Crime, Drama,'-,7.8,80,121 min,146230,$17.27M
Bound by Honor,(1993),R,Crime, Drama,'-,7.9,47,180 min,32330,$4.50M
American History X,(1998),R,Crime, Drama,'-,8.5,62,119 min,1133846,$6.72M
La migliore offerta,(2013),R,Crime, Drama, Mystery,7.8,49,131 min,122043,$0.09M
Madeo,(2009),R,Crime, Drama, Mystery,7.8,79,129 min,66584,$0.55M
Män som hatar kvinnor,(2009),R,Crime, Drama, Mystery,7.8,76,152 min,218770,$10.10M
Glengarry Glen Ross,(1992),R,Crime, Drama, Mystery,7.7,82,100 min,108880,$10.73M
Wind River,(2017),R,Crime, Drama, Mystery,7.7,73,107 min,258956,$33.80M
Nueve reinas,(2000),R,Crime, Drama, Thriller,7.9,80,114 min,54265,$1.22M
Eastern Promises,(2007),R,Crime, Drama, Thriller,7.6,83,100 min,248177,$17.11M
Lucky Number Slevin,(2006),R,Crime, Drama, Thriller,7.7,53,110 min,317409,$22.49M
Hell or High Water,(II) (2016),R,Crime, Drama, Thriller,7.6,88,102 min,236459,$26.86M
Aftersun,(II) (2022),R,Drama,'-,'-,7.7,95,102 min,49097,'-
Efter brylluppet,(2006),R,Drama,'-,'-,7.7,78,120 min,35469,$0.41M
Short Term 12,(2013),R,Drama,'-,'-,7.9,82,96 min,89114,$1.01M
Festen,(1998),R,Drama,'-,'-,8.1,82,105 min,89001,$1.65M
25th Hour,(2002),R,Drama,'-,'-,7.6,69,135 min,180917,$13.06M
Sling Blade,(1996),R,Drama,'-,'-,8,84,135 min,95516,$24.48M
Mommy,(I) (2014),R,Drama,'-,'-,8,74,139 min,58591,$3.49M
Breaking the Waves,(1996),R,Drama,'-,'-,7.8,81,159 min,68572,$4.04M
The Magdalene Sisters,(2002),R,Drama,'-,'-,7.7,83,114 min,27657,$4.89M
Central do Brasil,(1998),R,Drama,'-,'-,8,80,110 min,40534,$5.60M
Todo sobre mi madre,(1999),R,Drama,'-,'-,7.8,87,101 min,98823,$8.26M
Låt den rätte komma in,(2008),R,Drama, Fantasy, Horror,7.9,82,114 min,220366,$2.12M
La double vie de Véronique,(1991),R,Drama, Fantasy, Music,7.7,86,98 min,50212,$2.00M
Mr. Nobody,(2009),R,Drama, Fantasy, Romance,7.8,63,141 min,237255,$0.00M
Pan's Labyrinth,(2006),R,Drama, Fantasy, War,8.2,98,118 min,676113,$37.63M
Under sandet,(2015),R,Drama, History, War,7.8,75,100 min,42643,$0.44M
La piel que habito,(2011),R,Drama, Horror, Mystery,7.6,70,120 min,156466,$3.19M
Ba wang bie ji,(1993),R,Drama, Music, Romance,8.1,83,171 min,30349,$5.22M
Once,(I) (2007),R,Drama, Music, Romance,7.8,89,86 min,118149,$9.44M
El secreto de sus ojos,(2009),R,Drama, Mystery, Romance,8.2,80,129 min,212440,$6.39M
Hable con ella,(2002),R,Drama, Mystery, Romance,7.9,86,112 min,114262,$9.28M
Moon,(2009),R,Drama, Mystery, Sci-Fi,7.8,67,97 min,364210,$5.01M
Apocalypse Now,(1979),R,Drama, Mystery, War,8.5,94,147 min,675954,$83.47M
Gegen die Wand,(2004),R,Drama, Romance,'-,7.9,78,121 min,55457,'-
Bom yeoreum gaeul gyeoul geurigo bom,(2003),R,Drama, Romance,'-,8,85,103 min,84286,$2.38M
Before Midnight,(2013),R,Drama, Romance,'-,7.9,94,109 min,162339,$8.11M
Match Point,(2005),R,Drama, Romance, Thriller,7.6,72,124 min,221142,$23.09M
Das Experiment,(2001),R,Drama, Thriller,'-,7.7,60,120 min,94687,$0.14M
The Machinist,(2004),R,Drama, Thriller,'-,7.7,61,101 min,397309,$1.08M
Das Boot,(1981),R,Drama, War,'-,8.4,86,149 min,253707,$11.49M
Alien,(1979),R,Horror, Sci-Fi,'-,8.5,89,117 min,893896,$78.90M
Indiana Jones and the Last Crusade,(1989),U,Action, Adventure,'-,8.2,65,127 min,764137,$197.17M
Sholay,(1975),U,Action, Adventure, Comedy,8.1,'-,204 min,56724,'-
The Blues Brothers,(1980),U,Action, Adventure, Comedy,7.9,60,133 min,204148,$57.23M
The Lord of the Rings: The Fellowship of the Ring,(2001),U,Action, Adventure, Drama,8.8,92,178 min,1897288,$315.54M
The Lord of the Rings: The Return of the King,(2003),U,Action, Adventure, Drama,9,94,201 min,1867714,$377.85M
Star Wars: Episode VI - Return of the Jedi,(1983),U,Action, Adventure, Fantasy,8.3,58,131 min,1066082,$309.13M
Star Wars,(1977),U,Action, Adventure, Fantasy,8.6,90,121 min,1379497,$322.74M
Star Wars: Episode III - Revenge of the Sith,(2005),U,Action, Adventure, Fantasy,7.6,68,140 min,802880,$380.26M
North by Northwest,(1959),U,Action, Adventure, Mystery,8.3,98,136 min,332041,$13.28M
Star Trek II: The Wrath of Khan,(1982),U,Action, Adventure, Sci-Fi,7.7,68,113 min,124103,$78.91M
Aliens,(1986),U,Action, Adventure, Sci-Fi,8.4,84,137 min,726077,$85.16M
Star Wars: Episode VII - The Force Awakens,(2015),U,Action, Adventure, Sci-Fi,7.8,80,138 min,940166,$936.66M
The Dirty Dozen,(1967),U,Action, Adventure, War,7.7,73,150 min,75415,$45.30M
Dangal,(2016),U,Action, Biography, Drama,8.3,'-,161 min,194908,$12.39M
Hera Pheri,(2000),U,Action, Comedy, Crime,8.1,'-,156 min,68671,'-
Andaz Apna Apna,(1994),U,Action, Comedy, Romance,8,'-,160 min,53978,'-
The Fugitive,(1993),U,Action, Crime, Drama,7.8,87,130 min,301093,$183.88M
The Taking of Pelham One Two Three,(1974),U,Action, Crime, Thriller,7.6,68,104 min,32387,$2.49M
Soorarai Pottru,(2020),U,Action, Drama,'-,8.7,'-,153 min,118584,'-
Shichinin no samurai,(1954),U,Action, Drama,'-,8.6,98,207 min,349765,$0.27M
The Longest Day,(1962),U,Action, Drama, History,7.7,75,178 min,56986,$39.10M
Sita Ramam,(2022),U,Action, Drama, Mystery,8.6,'-,163 min,57358,'-
Sanjuro,(1962),U,Action, Drama, Thriller,8,'-,96 min,39092,'-
Yôjinbô,(1961),U,Action, Drama, Thriller,8.2,93,110 min,124674,#145
Ran,(1985),U,Action, Drama, War,8.2,96,162 min,127688,$4.14M
Togo,(2019),U,Adventure, Biography, Drama,7.9,69,113 min,51051,'-
Dersu Uzala,(1975),U,Adventure, Biography, Drama,8.2,'-,142 min,31224,#246
Diarios de motocicleta,(2004),U,Adventure, Biography, Drama,7.7,75,126 min,102508,$16.78M
Into the Wild,(2007),U,Adventure, Biography, Drama,8.1,73,148 min,630345,$18.35M
Lawrence of Arabia,(1962),U,Adventure, Biography, Drama,8.3,100,218 min,298113,$44.82M
"O Brother, Where Art Thou?",(2000),U,Adventure, Comedy, Crime,7.7,69,107 min,317789,$45.51M
The Princess Bride,(1987),U,Adventure, Comedy, Family,8,77,98 min,432788,$30.86M
Paddington 2,(2017),U,Adventure, Comedy, Family,7.8,88,103 min,82977,$40.44M
The Goonies,(1985),U,Adventure, Comedy, Family,7.7,62,114 min,280667,$61.50M
Monty Python and the Holy Grail,(1975),U,Adventure, Comedy, Fantasy,8.2,91,91 min,547629,$1.23M
Back to the Future Part II,(1989),U,Adventure, Comedy, Sci-Fi,7.8,57,108 min,542223,$118.50M
Back to the Future,(1985),U,Adventure, Comedy, Sci-Fi,8.5,87,116 min,1222907,$210.61M
Stand by Me,(1986),U,Adventure, Drama,'-,8.1,75,89 min,411805,$52.29M
Ben-Hur,(1959),U,Adventure, Drama,'-,8.1,90,212 min,242629,$74.70M
The Ten Commandments,(1956),U,Adventure, Drama, Family,7.9,'-,220 min,72464,$93.74M
Life of Pi,(2012),U,Adventure, Drama, Fantasy,7.9,79,127 min,639981,$124.99M
Big Fish,(2003),U,Adventure, Drama, Fantasy,8,58,125 min,445742,$66.26M
The Great Escape,(1963),U,Adventure, Drama, History,8.2,86,172 min,247641,$12.10M
Apollo 13,(I) (1995),U,Adventure, Drama, History,7.7,77,140 min,300553,$173.84M
The African Queen,(1951),U,Adventure, Drama, Romance,7.7,91,105 min,80441,$0.54M
Le salaire de la peur,(1953),U,Adventure, Drama, Thriller,8.2,85,131 min,62585,#193
Deliverance,(1972),U,Adventure, Drama, Thriller,7.7,80,109 min,112694,$7.06M
Barry Lyndon,(1975),U,Adventure, Drama, War,8.1,89,185 min,171748,#190
The Bridge on the River Kwai,(1957),U,Adventure, Drama, War,8.2,87,161 min,223703,$44.91M
The Searchers,(1956),U,Adventure, Drama, Western,7.9,94,119 min,91565,'-
Dances with Wolves,(1990),U,Adventure, Drama, Western,8,72,181 min,272274,$184.21M
The Wizard of Oz,(1939),U,Adventure, Family, Fantasy,8.1,92,102 min,406443,$2.08M
Harry Potter and the Prisoner of Azkaban,(2004),U,Adventure, Family, Fantasy,7.9,82,142 min,648088,$249.36M
Harry Potter and the Sorcerer's Stone,(2001),U,Adventure, Family, Fantasy,7.6,65,152 min,799243,$317.58M
Stardust,(2007),U,Adventure, Family, Fantasy,7.6,66,127 min,276062,$38.63M
E.T. the Extra-Terrestrial,(1982),U,Adventure, Family, Sci-Fi,7.9,91,115 min,416968,$435.11M
Planet of the Apes,(1968),U,Adventure, Sci-Fi,'-,8,79,112 min,183525,$33.40M
2001: A Space Odyssey,(1968),U,Adventure, Sci-Fi,'-,8.3,84,149 min,677977,$56.95M
The Man Who Would Be King,(1975),U,Adventure, War,'-,7.8,91,129 min,50092,'-
How to Train Your Dragon 2,(2014),U,Animation, Action, Adventure,7.8,77,102 min,343111,$177.00M
Spider-Man: Into the Spider-Verse,(2018),U,Animation, Action, Adventure,8.4,87,117 min,546931,$190.24M
Mononoke-hime,(1997),U,Animation, Action, Adventure,8.3,76,134 min,401348,$2.38M
Kung Fu Panda,(2008),U,Animation, Action, Adventure,7.6,74,92 min,481868,$215.43M
How to Train Your Dragon,(2010),U,Animation, Action, Adventure,8.1,75,98 min,751962,$217.58M
Big Hero 6,(2014),U,Animation, Action, Adventure,7.8,74,102 min,470318,$222.53M
The Iron Giant,(1999),U,Animation, Action, Adventure,8.1,85,86 min,204988,$23.16M
The Lego Movie,(2014),U,Animation, Action, Adventure,7.7,83,100 min,363007,$257.76M
The Incredibles,(2004),U,Animation, Action, Adventure,8,90,115 min,751002,$261.44M
Kubo and the Two Strings,(2016),U,Animation, Action, Adventure,7.7,84,101 min,132032,$48.02M
Cowboy Bebop: Tengoku no tobira,(2001),U,Animation, Action, Crime,7.8,61,115 min,50158,$1.00M
Toki o kakeru shôjo,(2006),U,Animation, Adventure, Comedy,7.7,66,98 min,67763,'-
Kurenai no buta,(1992),U,Animation, Adventure, Comedy,7.7,83,94 min,92636,'-
Soul,(2020),U,Animation, Adventure, Comedy,8,83,100 min,338962,'-
Mulan,(1998),U,Animation, Adventure, Comedy,7.6,71,87 min,295052,$120.62M
The Jungle Book,(1967),U,Animation, Adventure, Comedy,7.6,65,78 min,187703,$141.84M
Gake no ue no Ponyo,(2008),U,Animation, Adventure, Comedy,7.6,86,101 min,148311,$15.09M
Who Framed Roger Rabbit,(1988),U,Animation, Adventure, Comedy,7.7,83,104 min,205780,$156.45M
Puss in Boots: The Last Wish,(2022),U,Animation, Adventure, Comedy,7.9,73,102 min,98754,$168.46M
Wreck-It Ralph,(2012),U,Animation, Adventure, Comedy,7.7,72,101 min,431107,$189.42M
Toy Story,(1995),U,Animation, Adventure, Comedy,8.3,96,81 min,1006690,$191.80M
Tangled,(2010),U,Animation, Adventure, Comedy,7.7,71,100 min,462950,$200.82M
Ratatouille,(2007),U,Animation, Adventure, Comedy,8.1,96,111 min,753559,$206.45M
Coco,(I) (2017),U,Animation, Adventure, Comedy,8.4,81,105 min,522493,$209.73M
Fantastic Mr. Fox,(2009),U,Animation, Adventure, Comedy,7.9,83,87 min,239730,$21.00M
Aladdin,(1992),U,Animation, Adventure, Comedy,8,86,90 min,429817,$217.35M
Toy Story 2,(1999),U,Animation, Adventure, Comedy,7.9,88,92 min,589935,$245.85M
Despicable Me,(2010),U,Animation, Adventure, Comedy,7.6,72,95 min,555532,$251.51M
Shrek,(2001),U,Animation, Adventure, Comedy,7.9,84,90 min,691162,$267.67M
"Monsters, Inc.",(2001),U,Animation, Adventure, Comedy,8.1,79,92 min,921853,$289.92M
Up,(2009),U,Animation, Adventure, Comedy,8.3,88,96 min,1057419,$293.00M
Isle of Dogs,(2018),U,Animation, Adventure, Comedy,7.8,82,101 min,174068,$32.02M
Zootopia,(2016),U,Animation, Adventure, Comedy,8,78,108 min,509161,$341.27M
Inside Out,(I) (2015),U,Animation, Adventure, Comedy,8.1,94,95 min,726277,$356.46M
Finding Nemo,(2003),U,Animation, Adventure, Comedy,8.2,90,100 min,1056074,$380.84M
Toy Story 3,(2010),U,Animation, Adventure, Comedy,8.3,92,103 min,846433,$415.00M
Toy Story 4,(2019),U,Animation, Adventure, Comedy,7.7,84,100 min,257600,$434.04M
The Lion King,(1994),U,Animation, Adventure, Drama,8.5,88,88 min,1072532,$422.78M
Tenkû no shiro Rapyuta,(1986),U,Animation, Adventure, Family,8,78,125 min,169972,'-
Sen to Chihiro no kamikakushi,(2001),U,Animation, Adventure, Family,8.6,96,125 min,777246,$10.06M
Snow White and the Seven Dwarfs,(1937),U,Animation, Adventure, Family,7.6,96,83 min,203852,$184.93M
WALL·E,(2008),U,Animation, Adventure, Family,8.4,95,98 min,1130279,$223.81M
Hauru no ugoku shiro,(2004),U,Animation, Adventure, Family,8.2,82,119 min,404338,$4.71M
Kaze no tani no Naushika,(1984),U,Animation, Adventure, Sci-Fi,8,86,117 min,172294,$0.50M
Mary and Max.,(2009),U,Animation, Comedy, Drama,8.1,'-,92 min,179543,#199
Tonari no Totoro,(1988),U,Animation, Comedy, Family,8.1,86,86 min,346987,$1.11M
Mimi wo sumaseba,(1995),U,Animation, Drama, Family,7.9,75,111 min,65284,'-
Ôkami kodomo no Ame to Yuki,(2012),U,Animation, Drama, Family,8.1,71,117 min,46293,'-
The Breadwinner,(2017),U,Animation, Drama, Family,7.7,78,94 min,26515,$0.31M
Omoide no Marnie,(2014),U,Animation, Drama, Family,7.7,72,103 min,42627,$0.77M
Kaguya-hime no monogatari,(2013),U,Animation, Drama, Family,8,89,137 min,48729,$1.51M
Coraline,(2009),U,Animation, Drama, Family,7.7,80,100 min,238202,$75.29M
Paprika,(2006),U,Animation, Drama, Fantasy,7.7,81,90 min,86220,$0.88M
Kimi no na wa.,(2016),U,Animation, Drama, Fantasy,8.4,79,106 min,277608,$5.02M
Hotaru no haka,(1988),U,Animation, Drama, War,8.5,94,89 min,282869,#44
Majo no takkyûbin,(1989),U,Animation, Family, Fantasy,7.8,83,103 min,149169,'-
Beauty and the Beast,(1991),U,Animation, Family, Fantasy,8,95,84 min,460622,$218.97M
The Nightmare Before Christmas,(1993),U,Animation, Family, Fantasy,7.9,82,76 min,348645,$75.08M
Fantasia,(1940),U,Animation, Family, Fantasy,7.7,96,124 min,98837,$76.41M
La planète sauvage,(1973),U,Animation, Sci-Fi,'-,7.7,73,72 min,33139,$0.19M
Ed Wood,(1994),U,Biography, Comedy, Drama,7.8,70,127 min,178714,$5.89M
Butch Cassidy and the Sundance Kid,(1969),U,Biography, Crime, Drama,8,66,110 min,219181,$102.31M
Dog Day Afternoon,(1975),U,Biography, Crime, Drama,8,86,125 min,261153,$50.00M
My Left Foot: The Story of Christy Brown,(1989),U,Biography, Drama,'-,7.8,97,103 min,76043,$14.74M
The Pursuit of Happyness,(2006),U,Biography, Drama,'-,8,64,117 min,523785,$163.57M
Mar adentro,(I) (2004),U,Biography, Drama,'-,8,74,126 min,82944,$2.09M
Super 30,(2019),U,Biography, Drama,'-,7.9,'-,154 min,33377,$2.27M
Lion,(2016),U,Biography, Drama,'-,8,69,118 min,240668,$51.74M
Awakenings,(1990),U,Biography, Drama,'-,7.8,74,121 min,146446,$52.10M
The Straight Story,(1999),U,Biography, Drama,'-,8,86,112 min,92432,$6.20M
Hachi: A Dog's Tale,(2009),U,Biography, Drama, Family,8.1,'-,93 min,291308,#232
The Sound of Music,(1965),U,Biography, Drama, Family,8.1,63,172 min,241207,$163.21M
Finding Neverland,(2004),U,Biography, Drama, Family,7.7,67,106 min,208234,$51.68M
The King's Speech,(2010),U,Biography, Drama, History,8,88,118 min,687531,$138.80M
Frost/Nixon,(2008),U,Biography, Drama, History,7.7,80,122 min,109593,$18.59M
The Lion in Winter,(1968),U,Biography, Drama, History,7.9,'-,134 min,32294,$22.28M
Glory,(1989),U,Biography, Drama, History,7.8,78,122 min,137589,$26.83M
A Man for All Seasons,(1966),U,Biography, Drama, History,7.7,72,120 min,35417,$28.35M
The Last Emperor,(1987),U,Biography, Drama, History,7.7,76,163 min,105746,$43.98M
Malcolm X,(1992),U,Biography, Drama, History,7.7,73,202 min,97103,$48.17M
Gandhi,(1982),U,Biography, Drama, History,8,79,191 min,234889,$52.77M
Walk the Line,(2005),U,Biography, Drama, Music,7.8,72,136 min,255352,$119.52M
The Theory of Everything,(2014),U,Biography, Drama, Romance,7.7,71,123 min,459474,$35.89M
Bhaag Milkha Bhaag,(2013),U,Biography, Drama, Sport,8.2,'-,186 min,69381,$1.63M
M.S. Dhoni: The Untold Story,(2016),U,Biography, Drama, Sport,7.9,'-,184 min,61652,$1.78M
Remember the Titans,(2000),U,Biography, Drama, Sport,7.8,48,113 min,219997,$115.65M
The World's Fastest Indian,(2005),U,Biography, Drama, Sport,7.8,68,127 min,56075,$5.13M
Patton,(1970),U,Biography, Drama, War,7.9,86,172 min,103929,$61.70M
Clerks,(1994),U,Comedy,'-,'-,7.7,70,92 min,226039,$3.15M
Ferris Bueller's Day Off,(1986),U,Comedy,'-,'-,7.8,61,103 min,365585,$70.14M
Airplane!,(1980),U,Comedy,'-,'-,7.7,78,88 min,245659,$83.40M
Kind Hearts and Coronets,(1949),U,Comedy, Crime,'-,8,'-,106 min,38176,'-
The Naked Gun: From the Files of Police Squad!,(1988),U,Comedy, Crime,'-,7.6,76,85 min,174023,$78.76M
Chung Hing sam lam,(1994),U,Comedy, Crime, Drama,8,78,102 min,85888,$0.60M
The Sting,(1973),U,Comedy, Crime, Drama,8.3,83,129 min,266993,$159.60M
The King of Comedy,(1982),U,Comedy, Crime, Drama,7.8,73,109 min,107616,$2.50M
Paper Moon,(1973),U,Comedy, Crime, Drama,8.1,77,102 min,49169,$30.93M
Hindi Medium,(2017),U,Comedy, Drama,'-,7.8,'-,132 min,30088,'-
Munna Bhai M.B.B.S.,(2003),U,Comedy, Drama,'-,8.1,'-,156 min,83855,'-
The Truman Show,(1998),U,Comedy, Drama,'-,8.2,90,103 min,1101619,$125.62M
Secrets & Lies,(1996),U,Comedy, Drama,'-,8,91,136 min,44511,$13.42M
Do the Right Thing,(1989),U,Comedy, Drama,'-,8,93,120 min,104836,$27.55M
Jean de Florette,(1986),U,Comedy, Drama,'-,8.1,'-,120 min,26449,$4.94M
Mr. Smith Goes to Washington,(1939),U,Comedy, Drama,'-,8.1,73,129 min,116853,$9.60M
Dead Poets Society,(1989),U,Comedy, Drama,'-,8.1,79,128 min,501904,$95.86M
English Vinglish,(2012),U,Comedy, Drama, Family,7.8,'-,134 min,37317,$1.67M
The Sandlot,(1993),U,Comedy, Drama, Family,7.8,55,101 min,95058,$32.42M
OMG: Oh My God!,(2012),U,Comedy, Drama, Fantasy,8.1,'-,125 min,60209,$0.92M
Groundhog Day,(1993),U,Comedy, Drama, Fantasy,8.1,72,101 min,643910,$70.91M
Kal Ho Naa Ho,(2003),U,Comedy, Drama, Musical,7.9,54,186 min,71283,$1.79M
Zindagi Na Milegi Dobara,(2011),U,Comedy, Drama, Musical,8.2,'-,155 min,80412,$3.11M
Jab We Met,(2007),U,Comedy, Drama, Romance,7.9,'-,138 min,54921,$0.41M
The Apartment,(1960),U,Comedy, Drama, Romance,8.3,94,125 min,184633,$18.60M
Lage Raho Munna Bhai,(2006),U,Comedy, Drama, Romance,8,'-,144 min,47897,$2.22M
Barfi!,(2012),U,Comedy, Drama, Romance,8.1,'-,151 min,83450,$2.80M
The Artist,(I) (2011),U,Comedy, Drama, Romance,7.9,89,100 min,243629,$44.67M
La vita è bella,(1997),U,Comedy, Drama, Romance,8.6,59,116 min,704155,$57.60M
A Christmas Story,(1983),U,Comedy, Family,'-,7.9,77,93 min,160362,$20.61M
Home Alone,(1990),U,Comedy, Family,'-,7.7,63,103 min,599551,$285.76M
Mary Poppins,(1964),U,Comedy, Family, Fantasy,7.8,88,139 min,176793,$102.27M
The Purple Rose of Cairo,(1985),U,Comedy, Fantasy, Romance,7.7,75,82 min,52693,$10.63M
Some Like It Hot,(1959),U,Comedy, Music, Romance,8.2,98,121 min,271012,$25.00M
Charade,(1963),U,Comedy, Mystery, Romance,7.9,83,113 min,80107,$13.47M
Roman Holiday,(1953),U,Comedy, Romance,'-,8,78,118 min,141220,'-
Le fabuleux destin d'Amélie Poulain,(2001),U,Comedy, Romance,'-,8.3,69,122 min,764217,$33.23M
To Kill a Mockingbird,(1962),U,Crime, Drama,'-,8.3,88,129 min,319813,#110
Les quatre cents coups,(1959),U,Crime, Drama,'-,8.1,'-,99 min,120702,#240
À bout de souffle,(1960),U,Crime, Drama,'-,7.7,'-,90 min,83856,$0.34M
12 Angry Men,(1957),U,Crime, Drama,'-,9,97,96 min,801997,$4.36M
Dancer in the Dark,(2000),U,Crime, Drama, Musical,7.9,61,140 min,112001,$4.18M
Rashômon,(1950),U,Crime, Drama, Mystery,8.2,98,88 min,171105,$0.10M
Witness for the Prosecution,(1957),U,Crime, Drama, Mystery,8.4,76,116 min,127797,$8.18M
Bin-jip,(2004),U,Crime, Drama, Romance,7.9,72,88 min,56195,$0.24M
Drishyam,(2013),U,Crime, Drama, Thriller,8.3,'-,160 min,42348,'-
Rebel Without a Cause,(1955),U,Drama,'-,'-,7.6,89,111 min,92887,'-
East of Eden,(1955),U,Drama,'-,'-,7.8,72,118 min,46583,'-
Tôkyô monogatari,(1953),U,Drama,'-,'-,8.2,100,136 min,63275,#207
Ikiru,(1952),U,Drama,'-,'-,8.3,91,143 min,80524,$0.06M
Sacrifice,(1986),U,Drama,'-,'-,7.9,'-,149 min,29198,$0.30M
Ladri di biciclette,(1948),U,Drama,'-,'-,8.3,'-,89 min,165892,$0.33M
Pather Panchali,(1955),U,Drama,'-,'-,8.3,'-,125 min,34382,$0.54M
Black,(2005),U,Drama,'-,'-,8.1,'-,122 min,35356,$0.73M
Kramer vs. Kramer,(1979),U,Drama,'-,'-,7.8,77,105 min,148006,$106.26M
Rain Man,(1988),U,Drama,'-,'-,8,65,133 min,521916,$178.80M
"Paris, Texas",(1984),U,Drama,'-,'-,8.1,81,145 min,109114,$2.18M
I Am Sam,(2001),U,Drama,'-,'-,7.6,28,132 min,151771,$40.31M
The Verdict,(1982),U,Drama,'-,'-,7.7,77,129 min,42267,$54.00M
Ordinary People,(1980),U,Drama,'-,'-,7.7,86,124 min,53675,$54.80M
Fried Green Tomatoes,(1991),U,Drama,'-,'-,7.7,64,130 min,77029,$82.42M
What's Eating Gilbert Grape,(1993),U,Drama,'-,'-,7.7,73,118 min,241939,$9.17M
The Color Purple,(1985),U,Drama,'-,'-,7.7,78,154 min,89251,$98.47M
Taare Zameen Par,(2007),U,Drama, Family,'-,8.3,'-,165 min,196196,$1.22M
Wonder,(I) (2017),U,Drama, Family,'-,7.9,66,113 min,168346,$132.42M
Veer-Zaara,(2004),U,Drama, Family, Musical,7.8,67,192 min,54485,$2.92M
My Fair Lady,(1964),U,Drama, Family, Musical,7.8,95,170 min,97442,$72.00M
Fiddler on the Roof,(1971),U,Drama, Family, Musical,8,67,181 min,44917,$80.50M
Chak De! India,(2007),U,Drama, Family, Sport,8.1,68,153 min,81788,$1.11M
Der Himmel über Berlin,(1987),U,Drama, Fantasy, Romance,8,79,128 min,72770,$3.33M
Edward Scissorhands,(1990),U,Drama, Fantasy, Romance,7.9,74,105 min,498947,$56.36M
Sweet Smell of Success,(1957),U,Drama, Film-Noir,'-,8,100,96 min,33302,'-
Notorious,(1946),U,Drama, Film-Noir, Romance,7.9,100,102 min,102927,$10.46M
Kumonosu-jô,(1957),U,Drama, History,'-,8.1,'-,110 min,53351,'-
All the President's Men,(1976),U,Drama, History, Thriller,7.9,84,138 min,118632,$70.60M
Zulu,(1964),U,Drama, History, War,7.7,77,138 min,40468,'-
Kagemusha,(1980),U,Drama, History, War,7.9,84,180 min,36481,'-
Höstsonaten,(1978),U,Drama, Music,'-,8.1,'-,99 min,35451,'-
Trois couleurs: Bleu,(1993),U,Drama, Music, Mystery,7.9,85,94 min,104897,$1.32M
Anand,(1971),U,Drama, Musical,'-,8.1,'-,122 min,34273,'-
"Swades: We, the People",(2004),U,Drama, Musical,'-,8.2,'-,210 min,92900,$1.22M
Lagaan: Once Upon a Time in India,(2001),U,Drama, Musical, Sport,8.1,84,224 min,116214,$0.07M
L'avventura,(1960),U,Drama, Mystery, Romance,7.8,'-,144 min,30807,'-
Trois couleurs: Rouge,(1994),U,Drama, Mystery, Romance,8.1,100,99 min,105385,$4.04M
Un long dimanche de fiançailles,(2004),U,Drama, Mystery, Romance,7.6,76,133 min,74566,$6.17M
Solaris,(1972),U,Drama, Mystery, Sci-Fi,8,93,167 min,93512,'-
Abre los ojos,(1997),U,Drama, Mystery, Sci-Fi,7.7,'-,119 min,70647,$0.37M
The Prestige,(2006),U,Drama, Mystery, Sci-Fi,8.5,66,130 min,1349763,$53.09M
In the Heat of the Night,(1967),U,Drama, Mystery, Thriller,7.9,76,110 min,78483,$24.38M
The Conversation,(1974),U,Drama, Mystery, Thriller,7.8,87,113 min,114598,$4.42M
Dilwale Dulhania Le Jayenge,(1995),U,Drama, Romance,'-,8,'-,189 min,72246,'-
Brief Encounter,(1945),U,Drama, Romance,'-,8,92,86 min,41358,'-
96,(II) (2018),U,Drama, Romance,'-,8.5,'-,158 min,32545,'-
Smultronstället,(1957),U,Drama, Romance,'-,8.1,88,91 min,108990,#186
Little Women,(2019),U,Drama, Romance,'-,7.8,91,135 min,214087,$108.10M
Nuovo Cinema Paradiso,(1988),U,Drama, Romance,'-,8.5,80,155 min,265265,$11.99M
Good Will Hunting,(1997),U,Drama, Romance,'-,8.3,70,126 min,988959,$138.43M
Marriage Story,(2019),U,Drama, Romance,'-,7.9,94,137 min,319412,$2.00M
Fa Yeung Nin Wah,(2000),U,Drama, Romance,'-,8.1,87,98 min,154503,$2.73M
The Remains of the Day,(1993),U,Drama, Romance,'-,7.8,86,134 min,77029,$22.95M
The Last Picture Show,(1971),U,Drama, Romance,'-,8,93,118 min,49528,$29.13M
Pride & Prejudice,(2005),U,Drama, Romance,'-,7.8,82,129 min,303838,$38.41M
The Lunchbox,(2013),U,Drama, Romance,'-,7.8,76,104 min,57586,$4.23M
Sense and Sensibility,(1995),U,Drama, Romance,'-,7.7,84,136 min,118956,$43.18M
Casablanca,(1942),U,Drama, Romance, War,8.5,100,102 min,578267,$1.02M
Gone with the Wind,(1939),U,Drama, Romance, War,8.2,97,238 min,319724,$198.68M
The Day the Earth Stood Still,(1951),U,Drama, Sci-Fi,'-,7.8,'-,92 min,83178,'-
Stalker,(1979),U,Drama, Sci-Fi,'-,8.1,83,162 min,136981,$0.23M
Brazil,(1985),U,Drama, Sci-Fi,'-,7.9,84,132 min,203839,$9.93M
Rocky,(1976),U,Drama, Sport,'-,8.1,70,120 min,589337,$117.24M
Room,(I) (2015),U,Drama, Thriller,'-,8.1,86,118 min,427409,$14.68M
A Few Good Men,(1992),U,Drama, Thriller,'-,7.7,62,138 min,270334,$141.34M
High Noon,(1952),U,Drama, Thriller, Western,8,89,85 min,106106,$9.45M
The Caine Mutiny,(1954),U,Drama, War,'-,7.7,63,124 min,28435,$21.75M
Empire of the Sun,(1987),U,Drama, War,'-,7.7,62,153 min,128552,$22.24M
All Quiet on the Western Front,(1930),U,Drama, War,'-,8.1,91,152 min,64699,$3.27M
Au revoir les enfants,(1987),U,Drama, War,'-,8,88,104 min,34673,$4.54M
The Man Who Shot Liberty Valance,(1962),U,Drama, Western,'-,8.1,94,123 min,78142,'-
Willy Wonka & the Chocolate Factory,(1971),U,Family, Fantasy, Musical,7.8,67,100 min,206903,$4.00M
The Third Man,(1949),U,Film-Noir, Mystery, Thriller,8.1,97,104 min,173884,$0.45M
Rear Window,(1954),U,Mystery, Thriller,'-,8.5,100,112 min,497495,$36.76M
Per qualche dollaro in più,(1965),U,Western,'-,'-,8.2,74,132 min,260439,$15.00M
Once Upon a Time in the West,(1968),U,Western,'-,'-,8.5,82,165 min,334076,$5.32M
Mission: Impossible - Fallout,(2018),U/A,Action, Adventure, Thriller,7.7,86,147 min,340378,$220.16M
Searching,(III) (2018),U/A,Drama, Mystery, Thriller,7.6,71,102 min,168375,$26.02M
Thor: Ragnarok,(2017),UA,Action, Adventure, Comedy,7.9,74,130 min,765778,$315.06M
Guardians of the Galaxy,(2014),UA,Action, Adventure, Comedy,8,76,121 min,1194702,$333.18M
Guardians of the Galaxy Vol. 2,(2017),UA,Action, Adventure, Comedy,7.6,67,136 min,694640,$389.81M
Bajrangi Bhaijaan,(2015),UA,Action, Adventure, Comedy,8.1,'-,163 min,90776,$8.18M
Kaithi,(2019),UA,Action, Adventure, Crime,8.5,'-,145 min,34748,'-
Kantara,(2022),UA,Action, Adventure, Drama,8.3,'-,148 min,92320,'-
Dune: Part One,(2021),UA,Action, Adventure, Drama,8,74,155 min,655947,$108.33M
Wo hu cang long,(2000),UA,Action, Adventure, Drama,7.9,94,120 min,273469,$128.08M
Letters from Iwo Jima,(2006),UA,Action, Adventure, Drama,7.9,89,141 min,165117,$13.76M
RRR (Rise Roar Revolt),(2022),UA,Action, Adventure, Drama,7.9,83,187 min,140355,$14.50M
Gladiator,(2000),UA,Action, Adventure, Drama,8.5,67,155 min,1518724,$187.71M
Dawn of the Planet of the Apes,(2014),UA,Action, Adventure, Drama,7.6,79,130 min,447970,$208.55M
The Lord of the Rings: The Two Towers,(2002),UA,Action, Adventure, Drama,8.8,87,179 min,1686430,$342.55M
Ying xiong,(2002),UA,Action, Adventure, Drama,7.9,85,120 min,183482,$53.71M
The Count of Monte Cristo,(2002),UA,Action, Adventure, Drama,7.7,61,131 min,141006,$54.23M
The Last of the Mohicans,(1992),UA,Action, Adventure, Drama,7.7,76,112 min,175087,$75.51M
Avengers: Endgame,(2019),UA,Action, Adventure, Drama,8.4,78,181 min,1157559,$858.37M
The Empire Strikes Back,(1980),UA,Action, Adventure, Fantasy,8.7,82,124 min,1307079,$290.48M
Pirates of the Caribbean: The Curse of the Black Pearl,(2003),UA,Action, Adventure, Fantasy,8.1,63,143 min,1141747,$305.41M
Avatar: The Way of Water,(2022),UA,Action, Adventure, Fantasy,7.8,67,192 min,316425,$659.68M
Avatar,(2009),UA,Action, Adventure, Fantasy,7.9,83,162 min,1329369,$760.51M
Spider-Man: No Way Home,(2021),UA,Action, Adventure, Fantasy,8.2,71,148 min,777880,$804.75M
Edge of Tomorrow,(2014),UA,Action, Adventure, Sci-Fi,7.9,71,113 min,691836,$100.21M
Mad Max 2,(1981),UA,Action, Adventure, Sci-Fi,7.6,77,96 min,184393,$12.47M
Mad Max: Fury Road,(2015),UA,Action, Adventure, Sci-Fi,8.1,90,120 min,1018045,$154.06M
Star Trek Into Darkness,(2013),UA,Action, Adventure, Sci-Fi,7.7,72,132 min,487295,$228.78M
X-Men: Days of Future Past,(2014),UA,Action, Adventure, Sci-Fi,7.9,75,132 min,720192,$233.92M
Star Trek,(2009),UA,Action, Adventure, Sci-Fi,7.9,82,127 min,607867,$257.73M
Captain America: The Winter Soldier,(2014),UA,Action, Adventure, Sci-Fi,7.8,70,136 min,857794,$259.77M
Inception,(2010),UA,Action, Adventure, Sci-Fi,8.8,74,148 min,2384608,$292.58M
Iron Man,(2008),UA,Action, Adventure, Sci-Fi,7.9,79,126 min,1072165,$318.41M
Jurassic Park,(1993),UA,Action, Adventure, Sci-Fi,8.2,68,127 min,1002785,$402.45M
Rogue One,(2016),UA,Action, Adventure, Sci-Fi,7.8,65,133 min,649993,$532.18M
The Fifth Element,(1997),UA,Action, Adventure, Sci-Fi,7.6,52,126 min,481414,$63.54M
Avengers: Infinity War,(2018),UA,Action, Adventure, Sci-Fi,8.4,68,149 min,1103204,$678.82M
Casino Royale,(2006),UA,Action, Adventure, Thriller,8,80,144 min,666059,$167.45M
Skyfall,(2012),UA,Action, Adventure, Thriller,7.8,81,143 min,705102,$304.36M
Paan Singh Tomar,(2012),UA,Action, Biography, Crime,8.2,'-,135 min,36863,$0.04M
Captain Phillips,(2013),UA,Action, Biography, Crime,7.8,82,134 min,468598,$107.10M
Shershaah,(2021),UA,Action, Biography, Drama,8.4,'-,135 min,123701,'-
Ford v Ferrari,(2019),UA,Action, Biography, Drama,8.1,81,152 min,407598,$117.62M
The Fighter,(I) (2010),UA,Action, Biography, Drama,7.8,79,116 min,374135,$93.62M
Kick-Ass,(2010),UA,Action, Comedy, Crime,7.6,66,117 min,570673,$48.07M
Kung fu,(2004),UA,Action, Comedy, Fantasy,7.7,78,99 min,142964,$17.11M
Ghostbusters,(1984),UA,Action, Comedy, Fantasy,7.8,71,105 min,422263,$238.63M
A Wednesday,(2008),UA,Action, Crime, Drama,8.1,'-,104 min,79823,'-
K.G.F: Chapter 1,(2018),UA,Action, Crime, Drama,8.2,'-,156 min,89950,'-
Vikram Vedha,(2017),UA,Action, Crime, Drama,8.2,'-,147 min,46779,'-
Ratsasan,(2018),UA,Action, Crime, Drama,8.3,'-,170 min,46182,'-
Mou gaan dou,(2002),UA,Action, Crime, Drama,8,75,101 min,126796,$0.17M
Haider,(2014),UA,Action, Crime, Drama,8,'-,160 min,55780,$0.90M
Batman Begins,(2005),UA,Action, Crime, Drama,8.2,70,140 min,1488062,$206.85M
The Batman,(2022),UA,Action, Crime, Drama,7.8,72,176 min,682101,$369.35M
The Dark Knight,(2008),UA,Action, Crime, Drama,9,84,152 min,2687020,$534.86M
K.G.F: Chapter 2,(2022),UA,Action, Crime, Drama,8.3,'-,168 min,137555,$6.60M
Man on Fire,(2004),UA,Action, Crime, Drama,7.7,47,146 min,368933,$77.91M
RoboCop,(1987),UA,Action, Crime, Sci-Fi,7.6,70,102 min,264730,$53.42M
Baby,(I) (2015),UA,Action, Crime, Thriller,7.9,'-,159 min,58577,'-
Vikram,(2022),UA,Action, Crime, Thriller,8.3,'-,175 min,62204,'-
Lethal Weapon,(1987),UA,Action, Crime, Thriller,7.6,68,109 min,263886,$65.21M
Lola rennt,(1998),UA,Action, Crime, Thriller,7.7,77,81 min,201424,$7.27M
Asuran,(2019),UA,Action, Drama,'-,8.4,'-,141 min,30666,'-
The Last Samurai,(2003),UA,Action, Drama,'-,7.8,55,154 min,448274,$111.11M
Baahubali 2: The Conclusion,(2017),UA,Action, Drama,'-,8.2,'-,167 min,105021,$20.19M
Bãhubali: The Beginning,(2015),UA,Action, Drama,'-,8,'-,159 min,128380,$6.74M
Top Gun: Maverick,(2022),UA,Action, Drama,'-,8.3,78,130 min,547564,$718.73M
Airlift,(2016),UA,Action, Drama, History,7.9,'-,130 min,57654,'-
Taeksi woonjunsa,(2017),UA,Action, Drama, History,7.9,69,137 min,26443,$1.53M
Dunkirk,(2017),UA,Action, Drama, History,7.8,94,106 min,673385,$188.37M
United 93,(2006),UA,Action, Drama, History,7.6,90,111 min,107920,$31.57M
Uri: The Surgical Strike,(2019),UA,Action, Drama, History,8.2,'-,138 min,66037,$4.19M
Blade Runner 2049,(2017),UA,Action, Drama, Mystery,8,81,164 min,590773,$92.05M
Blade Runner,(1982),UA,Action, Drama, Sci-Fi,8.1,84,117 min,780182,$32.87M
V for Vendetta,(2005),UA,Action, Drama, Sci-Fi,8.2,62,132 min,1132571,$70.51M
Warrior,(2011),UA,Action, Drama, Sport,8.2,71,140 min,478405,$13.66M
The Dark Knight Rises,(2012),UA,Action, Drama, Thriller,8.4,78,164 min,1724343,$448.14M
The Bourne Identity,(2002),UA,Action, Mystery, Thriller,7.9,68,119 min,553942,$121.66M
The Bourne Ultimatum,(2007),UA,Action, Mystery, Thriller,8,85,115 min,640439,$227.47M
X: First Class,(2011),UA,Action, Sci-Fi,'-,7.7,65,131 min,700284,$146.41M
Captain America: Civil War,(2016),UA,Action, Sci-Fi,'-,7.8,75,147 min,801457,$408.08M
The Avengers,(2012),UA,Action, Sci-Fi,'-,8,69,143 min,1404708,$623.28M
The Right Stuff,(1983),UA,Adventure, Biography, Drama,7.8,91,193 min,62570,$21.50M
The Grand Budapest Hotel,(2014),UA,Adventure, Comedy, Crime,8.1,88,99 min,826079,$59.10M
777 Charlie,(2022),UA,Adventure, Comedy, Drama,8.8,'-,136 min,33781,'-
Queen,(2013),UA,Adventure, Comedy, Drama,8.1,'-,146 min,66686,$1.43M
Hunt for the Wilderpeople,(2016),UA,Adventure, Comedy, Drama,7.8,81,101 min,133683,$5.20M
Cast Away,(2000),UA,Adventure, Drama, Romance,7.8,73,143 min,602771,$233.63M
My Name Is Khan,(2010),UA,Adventure, Drama, Romance,7.9,50,165 min,109997,$4.02M
Interstellar,(2014),UA,Adventure, Drama, Sci-Fi,8.6,74,169 min,1873802,$188.02M
The Martian,(2015),UA,Adventure, Drama, Sci-Fi,8,80,144 min,869011,$228.43M
Harry Potter and the Goblet of Fire,(2005),UA,Adventure, Family, Fantasy,7.7,81,157 min,639776,$290.01M
Harry Potter and the Deathly Hallows: Part 1,(2010),UA,Adventure, Family, Fantasy,7.7,65,146 min,561068,$295.98M
Harry Potter and the Deathly Hallows: Part 2,(2011),UA,Adventure, Family, Fantasy,8.1,85,130 min,890107,$381.01M
WolfWalkers,(2020),UA,Animation, Action, Adventure,8,87,103 min,34186,'-
Kimetsu no Yaiba: Mugen Ressha-Hen,(2020),UA,Animation, Action, Adventure,8.2,72,117 min,61751,$47.70M
Kôkaku Kidôtai,(1995),UA,Animation, Action, Crime,7.9,76,83 min,146548,$0.52M
Akira,(1988),UA,Animation, Action, Drama,8,67,124 min,190958,$0.55M
Tôkyô goddofâzâzu,(2003),UA,Animation, Adventure, Comedy,7.8,73,92 min,42532,$0.13M
Loving Vincent,(2017),UA,Animation, Drama, Mystery,7.8,62,94 min,59608,$6.74M
The Intouchables,(2011),UA,Biography, Comedy, Drama,8.5,57,112 min,871423,$13.18M
Green Book,(2018),UA,Biography, Comedy, Drama,8.2,69,130 min,507231,$85.08M
In the Name of the Father,(1993),UA,Biography, Crime, Drama,8.1,84,133 min,178198,$25.01M
Rocketry: The Nambi Effect,(2022),UA,Biography, Drama,'-,8.8,'-,157 min,52300,'-
The Elephant Man,(1980),UA,Biography, Drama,'-,8.2,78,124 min,245266,#155
A Beautiful Mind,(2001),UA,Biography, Drama,'-,8.2,72,135 min,942374,$170.74M
The Social Network,(2010),UA,Biography, Drama,'-,7.8,95,120 min,715397,$96.96M
Hidden Figures,(2016),UA,Biography, Drama, History,7.8,74,127 min,237065,$169.61M
Hotel Rwanda,(2004),UA,Biography, Drama, History,8.1,79,121 min,359672,$23.53M
Der Untergang,(2004),UA,Biography, Drama, History,8.2,82,156 min,359704,$5.51M
Tombstone,(1993),UA,Biography, Drama, History,7.8,50,130 min,153547,$56.51M
Bohemian Rhapsody,(2018),UA,Biography, Drama, Music,7.9,49,134 min,548907,$216.43M
Cinderella Man,(2005),UA,Biography, Drama, Romance,8,69,144 min,190849,$61.65M
The Blind Side,(2009),UA,Biography, Drama, Sport,7.6,53,129 min,339872,$255.96M
The Insider,(1999),UA,Biography, Drama, Thriller,7.8,84,157 min,173697,$28.97M
The Imitation Game,(2014),UA,Biography, Drama, Thriller,8,71,114 min,781842,$91.13M
The Hangover,(2009),UA,Comedy,'-,'-,7.7,73,100 min,798364,$277.32M
The Big Lebowski,(1998),UA,Comedy, Crime,'-,8.1,71,117 min,819070,$17.50M
Snatch,(2000),UA,Comedy, Crime,'-,8.2,55,104 min,866265,$30.33M
My Cousin Vinny,(1992),UA,Comedy, Crime,'-,7.6,68,120 min,129379,$52.93M
After Hours,(I) (1985),UA,Comedy, Crime, Drama,7.6,90,97 min,72079,$10.60M
Knives Out,(2019),UA,Comedy, Crime, Drama,7.9,82,130 min,713999,$165.36M
Rang De Basanti,(2006),UA,Comedy, Crime, Drama,8.1,'-,167 min,120028,$2.20M
Badhaai ho,(2018),UA,Comedy, Drama,'-,7.9,'-,124 min,35683,'-
Padman,(2018),UA,Comedy, Drama,'-,7.9,'-,140 min,27007,$1.66M
Lost in Translation,(2003),UA,Comedy, Drama,'-,7.7,91,102 min,462829,$44.59M
The Breakfast Club,(1985),UA,Comedy, Drama,'-,7.8,66,97 min,407874,$45.88M
Little Miss Sunshine,(2006),UA,Comedy, Drama,'-,7.8,80,101 min,490204,$59.89M
3 Idiots,(2009),UA,Comedy, Drama,'-,8.4,67,170 min,406463,$6.53M
Chhichhore,(2019),UA,Comedy, Drama, Romance,8.3,'-,143 min,56761,$0.90M
Rushmore,(1998),UA,Comedy, Drama, Romance,7.6,86,93 min,188819,$17.11M
(500) Days of Summer,(2009),UA,Comedy, Drama, Romance,7.7,76,95 min,525276,$32.39M
When Harry Met Sally...,(1989),UA,Comedy, Drama, Romance,7.7,76,95 min,226468,$92.82M
PK,(2014),UA,Comedy, Drama, Sci-Fi,8.1,'-,153 min,191416,$10.62M
Jojo Rabbit,(2019),UA,Comedy, Drama, War,7.9,58,108 min,402630,$33.37M
Shaun of the Dead,(2004),UA,Comedy, Horror,'-,7.9,76,99 min,566216,$13.54M
Vicky Donor,(2012),UA,Comedy, Romance,'-,7.8,'-,126 min,44112,$0.17M
The Green Mile,(1999),UA,Crime, Drama, Fantasy,8.6,61,189 min,1319292,$136.80M
Article 15,(2019),UA,Crime, Drama, Mystery,8.1,'-,130 min,34752,'-
Drishyam 2,(2022),UA,Crime, Drama, Mystery,8.2,'-,140 min,33677,'-
Salinui chueok,(2003),UA,Crime, Drama, Mystery,8.1,82,131 min,191366,$0.01M
Talvar,(2015),UA,Crime, Drama, Mystery,8.1,'-,132 min,36189,$0.34M
Drishyam,(2015),UA,Crime, Drama, Mystery,8.2,'-,163 min,87472,$0.74M
Zodiac,(2007),UA,Crime, Drama, Mystery,7.7,79,157 min,554273,$33.08M
Slumdog Millionaire,(2008),UA,Crime, Drama, Romance,8,84,120 min,853460,$141.32M
Special Chabbis,(2013),UA,Crime, Drama, Thriller,8,'-,144 min,57195,$1.08M
Pink,(III) (2016),UA,Crime, Drama, Thriller,8.1,'-,136 min,46128,$1.24M
21 Grams,(2003),UA,Crime, Drama, Thriller,7.6,70,124 min,240128,$16.29M
Crash,(I) (2004),UA,Crime, Drama, Thriller,7.7,66,112 min,440241,$54.58M
Andhadhun,(2018),UA,Crime, Mystery, Thriller,8.2,'-,139 min,96046,$1.37M
Ocean's Eleven,(2001),UA,Crime, Thriller,'-,7.7,74,116 min,585135,$183.42M
The Fabelmans,(2022),UA,Drama,'-,'-,7.6,84,151 min,73935,'-
Network,(1976),UA,Drama,'-,'-,8.1,83,121 min,161929,#219
Udaan,(2010),UA,Drama,'-,'-,8.1,'-,134 min,45631,$0.01M
"I, Daniel Blake",(2016),UA,Drama,'-,'-,7.8,78,100 min,61501,$0.26M
Il conformista,(1970),UA,Drama,'-,'-,7.9,100,113 min,31595,$0.54M
American Beauty,(1999),UA,Drama,'-,'-,8.4,84,122 min,1165019,$130.10M
Gran Torino,(2008),UA,Drama,'-,'-,8.1,72,116 min,783710,$148.10M
The Help,(2011),UA,Drama,'-,'-,8.1,62,146 min,466518,$169.71M
Nebraska,(2013),UA,Drama,'-,'-,7.7,86,115 min,119764,$17.65M
The Perks of Being a Wallflower,(2012),UA,Drama,'-,'-,7.9,67,103 min,521247,$17.74M
Magnolia,(1999),UA,Drama,'-,'-,8,78,188 min,317113,$22.46M
Manchester by the Sea,(2016),UA,Drama,'-,'-,7.8,96,137 min,289812,$47.70M
Amour,(2012),UA,Drama,'-,'-,7.9,95,127 min,102184,$6.74M
Scent of a Woman,(1992),UA,Drama,'-,'-,8,59,156 min,304665,$63.90M
Seven Pounds,(2008),UA,Drama,'-,'-,7.6,36,123 min,306873,$69.95M
Philadelphia,(1993),UA,Drama,'-,'-,7.7,66,125 min,246564,$77.32M
The Curious Case of Benjamin Button,(2008),UA,Drama, Fantasy, Romance,7.8,70,166 min,661501,$127.51M
JFK,(1991),UA,Drama, History, Thriller,8,72,189 min,160335,$70.41M
Billy Elliot,(2000),UA,Drama, Music,'-,7.7,74,110 min,137515,$22.00M
Gully Boy,(2019),UA,Drama, Music, Romance,7.9,65,154 min,40882,$5.57M
The Father,(I) (2020),UA,Drama, Mystery,'-,8.2,88,97 min,162206,#130
Citizen Kane,(1941),UA,Drama, Mystery,'-,8.3,100,119 min,446885,$1.59M
Atonement,(2007),UA,Drama, Mystery, Romance,7.8,85,123 min,284552,$50.93M
Donnie Darko,(2001),UA,Drama, Mystery, Sci-Fi,8,88,113 min,812344,$1.48M
Arrival,(II) (2016),UA,Drama, Mystery, Sci-Fi,7.9,81,116 min,709209,$100.55M
Das weiße Band - Eine deutsche Kindergeschichte,(2009),UA,Drama, Mystery, Thriller,7.8,82,144 min,74957,$2.22M
The Game,(1997),UA,Drama, Mystery, Thriller,7.7,63,129 min,404807,$48.32M
Der Name der Rose,(1986),UA,Drama, Mystery, Thriller,7.7,54,130 min,111008,$7.15M
Mulholland Dr.,(2001),UA,Drama, Mystery, Thriller,7.9,86,147 min,363045,$7.22M
Chinatown,(1974),UA,Drama, Mystery, Thriller,8.2,92,130 min,331557,$8.49M
The Fault in Our Stars,(2014),UA,Drama, Romance,'-,7.7,69,126 min,383582,$124.87M
Call Me by Your Name,(2017),UA,Drama, Romance,'-,7.8,94,132 min,282809,$18.10M
Forrest Gump,(1994),UA,Drama, Romance,'-,8.8,82,142 min,2109349,$330.25M
Titanic,(1997),UA,Drama, Romance,'-,7.9,75,194 min,1205377,$659.33M
Eternal Sunshine of the Spotless Mind,(2004),UA,Drama, Romance, Sci-Fi,8.3,89,108 min,1021184,$34.40M
Gattaca,(1997),UA,Drama, Sci-Fi, Thriller,7.8,64,106 min,309533,$12.34M
Ex Machina,(2014),UA,Drama, Sci-Fi, Thriller,7.7,78,108 min,555140,$25.44M
Gravity,(2013),UA,Drama, Sci-Fi, Thriller,7.7,96,91 min,835556,$274.09M
The Butterfly Effect,(2004),UA,Drama, Sci-Fi, Thriller,7.6,30,113 min,497371,$57.94M
Million Dollar Baby,(2004),UA,Drama, Sport,'-,8.1,86,132 min,694610,$100.49M
The Wrestler,(2008),UA,Drama, Sport,'-,7.9,80,109 min,310729,$26.24M
Forushande,(2016),UA,Drama, Thriller,'-,7.7,85,124 min,61785,$2.40M
Platoon,(1986),UA,Drama, War,'-,8.1,92,120 min,419749,$138.53M
Full Metal Jacket,(1987),UA,Drama, War,'-,8.3,78,116 min,751418,$46.36M
The Hobbit: The Desolation of Smaug,(2013),UA,Fantasy,'-,'-,7.8,66,161 min,673357,$258.37M
The Hobbit: An Unexpected Journey,(2012),UA,Fantasy,'-,'-,7.8,58,169 min,838072,$303.00M
Kahaani,(2012),UA,Mystery, Thriller,'-,8.1,'-,122 min,63692,$1.04M
Memento,(2000),UA,Mystery, Thriller,'-,8.4,81,113 min,1252090,$25.54M
The Outlaw Josey Wales,(1976),UA,Western,'-,'-,7.8,69,135 min,75658,$31.80M
Sardar Udham,(2021),UA 13+,Biography, Crime, Drama,8.4,'-,164 min,43555,'-
Thirteen Lives,(2022),UA 16+,Action, Adventure, Biography,7.8,66,147 min,58273,'-
Dil Chahta Hai,(2001),Unrated,Comedy, Drama, Romance,8.1,'-,183 min,73359,$0.30M
